S.No.,Local Body Code,Local Body Version,Local Body Name      (In English),Local Body Name (In Local),Local Body Type Code,Local Body Type Name,Parent Local Body Code
1,509,1,ALAPPUZHA,ആലപ്പുഴ,1,District Panchayat,
2,510,1,ERNAKULAM,എറണാകുളം,1,District Panchayat,
3,511,1,IDUKKI,ഇടുക്കി,1,District Panchayat,
4,512,1,KANNUR,കണ്ണൂര്‍,1,District Panchayat,
5,513,1,KASARAGOD,കാസര്‍ഗോഡ്,1,District Panchayat,
6,514,1,KOLLAM,കൊല്ലം,1,District Panchayat,
7,515,1,KOTTAYAM,കോട്ടയം,1,District Panchayat,
8,516,1,KOZHIKODE,കോഴിക്കോട്,1,District Panchayat,
9,517,1,MALAPPURAM,മലപ്പുറം,1,District Panchayat,
10,518,1,PALAKKAD,പാലക്കാട്,1,District Panchayat,
11,519,1,PATHANAMTHITTA,പത്തനംതിട്ട,1,District Panchayat,
12,520,1,THIRUVANANTHAPURAM,തിരുവനന്തപുരം,1,District Panchayat,
13,521,1,THRISSUR,തൃശ്ശൂര്‍,1,District Panchayat,
14,522,1,WAYANAD,വയനാട്,1,District Panchayat,
15,6286,2,ADIMALY,അടിമാലി,2,Intermediate Panchayat,511
16,6272,1,ALANGAD,ആലങ്ങാട്,2,Intermediate Panchayat,510
17,6355,1,ALATHUR,ആലത്തൂര്‍,2,Intermediate Panchayat,518
18,6260,1,AMBALAPPUZHA,അമ്പലപ്പുഴ,2,Intermediate Panchayat,509
19,6307,1,ANCHAL,അഞ്ചല്‍,2,Intermediate Panchayat,514
20,6273,1,ANGAMALI,അങ്കമാലി,2,Intermediate Panchayat,510
21,6387,2,ANTHIKKAD,അന്തിക്കാട്,2,Intermediate Panchayat,521
22,6341,2,AREAKODE,അരീക്കോട്,2,Intermediate Panchayat,517
23,6261,1,ARYAD,ആര്യാട്,2,Intermediate Panchayat,509
24,6376,2,ATHIYANNOOR,"അതിയന്നൂര്&zwj,",2,Intermediate Panchayat,520
25,6356,1,ATTAPPADI,അട്ടപ്പാടി,2,Intermediate Panchayat,518
26,6287,1,AZHUTHA,അഴുത,2,Intermediate Panchayat,511
27,6329,2,BALUSSERI,ബാലുശ്ശേരി,2,Intermediate Panchayat,516
28,6262,1,BHARANICAVU,ഭരണിക്കാവ്,2,Intermediate Panchayat,509
29,6308,1,CHADAYAMANGALAM,ചടയമംഗലം,2,Intermediate Panchayat,514
30,6388,2,CHALAKKUDY,ചാലക്കുടി,2,Intermediate Panchayat,521
31,6263,1,CHAMPAKULAM,ചമ്പക്കുളം,2,Intermediate Panchayat,509
32,6389,1,CHAVAKKAD,ചാവക്കാട്,2,Intermediate Panchayat,521
33,6309,1,CHAVARA,ചവറ,2,Intermediate Panchayat,514
34,6330,1,CHELANNUR,ചേളന്നൂര്‍,2,Intermediate Panchayat,516
35,6264,1,CHENGANNUR,ചെങ്ങന്നൂര്‍,2,Intermediate Panchayat,509
36,6390,2,CHERPU,"ചേര്&zwj,പ്പ്",2,Intermediate Panchayat,521
37,6377,2,CHIRAYINKEEZHU,"ചിറയിന്&zwj,കീഴ്",2,Intermediate Panchayat,520
38,6310,2,CHITTUMALA,ചിറ്റുമല,2,Intermediate Panchayat,514
39,6357,1,CHITTUR,ചിറ്റൂര്‍,2,Intermediate Panchayat,518
40,6391,2,CHOWANNUR,"ചൊവ്വന്നൂര്&zwj,",2,Intermediate Panchayat,521
41,6288,2,DEVIKULAM,ദേവികുളം,2,Intermediate Panchayat,511
42,6294,2,EDAKKAD,എടക്കാട്,2,Intermediate Panchayat,512
43,6274,1,EDAPPALLY,ഇടപ്പള്ലി,2,Intermediate Panchayat,510
44,6368,2,ELANTHOOR,"എലന്തൂര്&zwj,",2,Intermediate Panchayat,519
45,6289,2,ELEMDESAM,ഇളംദേശം,2,Intermediate Panchayat,511
46,6318,1,ERATTUPETTA,ഈരാറ്റുപേട്ട,2,Intermediate Panchayat,515
47,6319,1,ETTUMANOOR,ഏറ്റുമാനൂര്‍,2,Intermediate Panchayat,515
48,6265,1,HARIPPAD,ഹരിപ്പാട്,2,Intermediate Panchayat,509
49,6290,2,IDUKKI,ഇടുക്കി,2,Intermediate Panchayat,511
50,6295,2,IRIKKUR,"ഇരിക്കൂര്&zwj,",2,Intermediate Panchayat,512
51,6392,2,IRINJALAKKUDA,ഇരിങ്ങാലക്കുട,2,Intermediate Panchayat,521
52,6296,2,IRITTY,ഇരിട്ടി,2,Intermediate Panchayat,512
53,6311,1,ITHIKKARA,ഇത്തിക്കര,2,Intermediate Panchayat,514
54,6320,1,KADUTHURUTHY,കടുത്തുരുത്തി,2,Intermediate Panchayat,515
55,6881,1,KALIKAVU,കാളികാവ്,2,Intermediate Panchayat,517
56,6884,1,KALLIASSERI,കല്ല്യാശ്ശേരി,2,Intermediate Panchayat,512
57,6403,1,KALPETTA,കല്‍പ്പറ്റ,2,Intermediate Panchayat,522
58,6303,2,KANHANGAD,കാഞ്ഞങ്ങാട്,2,Intermediate Panchayat,513
59,6266,2,KANJIKKUZHY,കഞ്ഞിക്കുഴി,2,Intermediate Panchayat,509
60,6321,1,KANJIRAPPALLY,കാഞ്ഞിരപ്പള്ലി,2,Intermediate Panchayat,515
61,6297,1,KANNUR,കണ്ണൂര്‍,2,Intermediate Panchayat,512
62,6886,2,KARADKA,കാറഡുക്ക,2,Intermediate Panchayat,513
63,6304,2,KASARGOD,"കാസര്&zwj,ഗോഡ്",2,Intermediate Panchayat,513
64,6291,3,KATTAPPANA,കട്ടപ്പന,2,Intermediate Panchayat,511
65,6379,2,KILIMANOOR,"കിളിമാനൂര്&zwj,",2,Intermediate Panchayat,520
66,6393,2,KODAKARA,കൊടകര,2,Intermediate Panchayat,521
67,6331,2,KODUVALLY,കൊടുവള്ളി,2,Intermediate Panchayat,516
68,6369,2,KOIPURAM,കോയിപ്പുറം,2,Intermediate Panchayat,519
69,6358,1,KOLLENGODE,കൊല്ലങ്കോട്,2,Intermediate Panchayat,518
70,6342,2,KONDOTTY,കൊണ്ടോട്ടി,2,Intermediate Panchayat,517
71,6370,2,KONNI,കോന്നി,2,Intermediate Panchayat,519
72,6275,1,KOOVAPPADY,കൂവപ്പടി,2,Intermediate Panchayat,510
73,6276,1,KOTHAMANGALAM,കോതമംഗലം,2,Intermediate Panchayat,510
74,6312,1,KOTTARAKKARA,കൊട്ടാരക്കര,2,Intermediate Panchayat,514
75,6332,1,KOZHIKODE,കോഴിക്കോട്,2,Intermediate Panchayat,516
76,6333,2,KUNNAMANGALAM,കുന്ദമംഗലം,2,Intermediate Panchayat,516
77,6334,1,KUNNUMMAL,കുന്നുമ്മല്‍,2,Intermediate Panchayat,516
78,6298,2,KUTHUPARAMBA,കൂത്തുപറമ്പ,2,Intermediate Panchayat,512
79,6343,1,KUTTIPPURAM,കുറ്റിപ്പുറം,2,Intermediate Panchayat,517
80,6359,1,KUZHALMANNAM,കുഴല്‍മന്ദം,2,Intermediate Panchayat,518
81,6322,1,LALAM,ളാലം,2,Intermediate Panchayat,515
82,6323,1,MADAPPALLY,മാടപ്പള്ളി,2,Intermediate Panchayat,515
83,6394,2,MALA,മാള,2,Intermediate Panchayat,521
84,6360,1,MALAMPUZHA,മലമ്പുഴ,2,Intermediate Panchayat,518
85,6344,2,MALAPPURAM,മലപ്പുറം,2,Intermediate Panchayat,517
86,6371,1,MALLAPPALLY,മല്ലപ്പള്ളി,2,Intermediate Panchayat,519
87,6404,1,MANANTHAVADY,മാനന്തവാടി,2,Intermediate Panchayat,522
88,6305,2,MANJESHWAR,"മഞ്ചേശ്വര്&zwj,",2,Intermediate Panchayat,513
89,6345,1,MANKADA,മങ്കട,2,Intermediate Panchayat,517
90,6361,1,MANNARKAD,മണ്ണാര്‍ക്കാട്,2,Intermediate Panchayat,518
91,6395,1,MATHILAKAM,മതിലകം,2,Intermediate Panchayat,521
92,6267,1,MAVELIKKARA,മാവേലിക്കര,2,Intermediate Panchayat,509
93,6335,1,MELDAY,മേലടി,2,Intermediate Panchayat,516
94,6313,2,MUKHATHALA,മുഖത്തല,2,Intermediate Panchayat,514
95,6277,1,MULANTHURUTHY,മുളന്തുരുത്തി,2,Intermediate Panchayat,510
96,6396,1,MULLASSERY,മുല്ലശ്ശേരി,2,Intermediate Panchayat,521
97,6268,1,MUTHUKULAM,മുതുകുളം,2,Intermediate Panchayat,509
98,6278,1,MUVATTUPUZHA,മുവ്വാറ്റുപുഴ,2,Intermediate Panchayat,510
99,6380,2,NEDUMANGAD,നെടുമങ്ങാട്,2,Intermediate Panchayat,520
100,6292,2,NEDUMKANDOM,നെടങ്കണ്ടം,2,Intermediate Panchayat,511
101,6362,1,NEMMARA,നെന്‍മാറ,2,Intermediate Panchayat,518
102,6381,2,NEMOM,നേമം,2,Intermediate Panchayat,520
103,6346,1,NILAMBUR,നിലമ്പൂര്‍,2,Intermediate Panchayat,517
104,6306,2,NILESHWAR,"നീലേശ്വര്&zwj,",2,Intermediate Panchayat,513
105,6314,1,OACHIRA,ഓച്ചിറ,2,Intermediate Panchayat,514
106,6397,2,OLLUKKARA,ഒല്ലൂക്കര,2,Intermediate Panchayat,521
107,6363,2,OTTAPPALAM,ഒറ്റപ്പാലം,2,Intermediate Panchayat,518
108,6364,1,PALAKKAD,പാലക്കാട്,2,Intermediate Panchayat,518
109,6324,2,PALLOM,പള്ളം,2,Intermediate Panchayat,515
110,6279,1,PALLURUTHY,പള്ളുരുത്തി,2,Intermediate Panchayat,510
111,6325,1,PAMPADY,പാമ്പാടി,2,Intermediate Panchayat,515
112,6280,1,PAMPAKUDA,പാമ്പാക്കുട,2,Intermediate Panchayat,510
113,6882,1,PANAMARAM,പനമരം,2,Intermediate Panchayat,522
114,6372,2,PANDLAM,പന്തളം,2,Intermediate Panchayat,519
115,6883,2,PANOOR,"പാനൂര്&zwj,",2,Intermediate Panchayat,512
116,6336,1,PANTHALAYANI,പന്തലായനി,2,Intermediate Panchayat,516
117,6281,1,PARAKKADAV,പാറക്കടവ്,2,Intermediate Panchayat,510
118,6373,2,PARAKODE,പറക്കോട്,2,Intermediate Panchayat,519
119,6885,4,PARAPPA,പരപ്പ,2,Intermediate Panchayat,513
120,6382,2,PARASSALA,പാറശ്ശാല,2,Intermediate Panchayat,520
121,6282,1,PARAVUR,പറവൂര്‍,2,Intermediate Panchayat,510
122,6315,1,PATHANAPURAM,പത്തനാപുരം,2,Intermediate Panchayat,514
123,6365,2,PATTAMBI,പട്ടാമ്പി,2,Intermediate Panchayat,518
124,6269,1,PATTANAKKAD,പട്ടണക്കാട്,2,Intermediate Panchayat,509
125,6299,2,PAYYANNUR,"പയ്യന്നൂര്&zwj,",2,Intermediate Panchayat,512
126,6398,2,PAZHAYANNUR,"പഴയന്നൂര്&zwj,",2,Intermediate Panchayat,521
127,6337,2,PERAMBRA,പേരാമ്പ്ര,2,Intermediate Panchayat,516
128,6300,2,PERAVOOR,"പേരാവൂര്&zwj,",2,Intermediate Panchayat,512
129,6347,1,PERINTHALMANNA,പെരിന്തല്‍മണ്ണ,2,Intermediate Panchayat,517
130,6383,3,PERUMKADAVILA,പെരുങ്കടവിള,2,Intermediate Panchayat,520
131,6348,1,PERUMPADAPPU,പെരുമ്പടപ്പ്,2,Intermediate Panchayat,517
132,6349,1,PONNANI,പൊന്നാനി,2,Intermediate Panchayat,517
133,6378,1,POTHENCODE,പോത്തന്‍കോട്,2,Intermediate Panchayat,520
134,6374,1,PULIKEEZHU,പുളിക്കീഴ്,2,Intermediate Panchayat,519
135,6399,2,PUZHAKKAL,"പുഴക്കല്&zwj,",2,Intermediate Panchayat,521
136,6375,2,RANNI,റാന്നി,2,Intermediate Panchayat,519
137,6316,1,SASTHAMCOTTAH,ശാസ്താംകോട്ട,2,Intermediate Panchayat,514
138,6366,2,SREEKRISHNAPURAM,ശ്രീകൃഷ്ണപുരം,2,Intermediate Panchayat,518
139,6405,1,SULTHAN BATHERY,സുല്‍ത്താന്‍ബത്തേരി,2,Intermediate Panchayat,522
140,6301,2,TALIPARAMBA,തളിപ്പറമ്പ,2,Intermediate Panchayat,512
141,6350,1,TANUR,താനൂര്‍,2,Intermediate Panchayat,517
142,6302,3,THALASSERY,തലശ്ശേരി,2,Intermediate Panchayat,512
143,6400,1,THALIKKULAM,തളിക്കുളം,2,Intermediate Panchayat,521
144,6338,1,THODANNUR,തോടന്നൂര്‍,2,Intermediate Panchayat,516
145,6293,2,THODUPUZHA,തൊടുപുഴ,2,Intermediate Panchayat,511
146,6339,1,THUNERI,തുണേരി,2,Intermediate Panchayat,516
147,6270,1,THYCATTUSSERY,തൈക്കാട്ടുശ്ശേരി,2,Intermediate Panchayat,509
148,6351,1,TIRUR,തിരൂര്‍,2,Intermediate Panchayat,517
149,6352,2,TIRURANGADI,തിരൂരങ്ങാടി,2,Intermediate Panchayat,517
150,6367,2,TRITHALA,തൃത്താല,2,Intermediate Panchayat,518
151,6326,2,UZHAVOOR,ഉഴവൂര്‍,2,Intermediate Panchayat,515
152,6340,1,VADAKARA,വടകര,2,Intermediate Panchayat,516
153,6283,1,VADAVUCODE,വടവുകോട്,2,Intermediate Panchayat,510
154,6327,1,VAIKOM,വൈക്കം,2,Intermediate Panchayat,515
155,6384,2,VAMANAPURAM,വാമനപുരം,2,Intermediate Panchayat,520
156,6385,2,VARKALA,"വര്&zwj,ക്കല",2,Intermediate Panchayat,520
157,6284,1,VAZHAKKULAM,വാഴക്കുളം,2,Intermediate Panchayat,510
158,6328,1,VAZHOOR,വാഴൂര്‍,2,Intermediate Panchayat,515
159,6271,1,VELIYANAD,വെളിയനാട്,2,Intermediate Panchayat,509
160,6386,2,VELLANAD,വെള്ളനാട്,2,Intermediate Panchayat,520
161,6401,2,VELLANGALLUR,"വെള്ളാങ്ങല്ലൂര്&zwj,",2,Intermediate Panchayat,521
162,6353,2,VENGARA,വേങ്ങര,2,Intermediate Panchayat,517
163,6317,1,VETTIKKAVALA,വെട്ടിക്കവല,2,Intermediate Panchayat,514
164,6285,1,VYPEEN,വൈപ്പിന്‍,2,Intermediate Panchayat,510
165,6402,2,WADAKKANCHERY,വടക്കാഞ്ചേരി,2,Intermediate Panchayat,521
166,6354,2,WANDOOR,"വണ്ടൂര്&zwj,",2,Intermediate Panchayat,517
167,221590,1,ABDUL RAHIMAN NAGAR,അബ്ദുറഹിമാന്‍ നഗര്‍,3,Village Panchayat,6353
168,221887,3,ADAT,അടാട്ട്,3,Village Panchayat,6399
169,221323,4,ADICHANALLOOR,ആദിച്ചനല്ലൂര്‍,3,Village Panchayat,6311
170,221127,1,ADIMALY,അടിമാലി,3,Village Panchayat,6286
171,221615,2,AGALI,അഗളി,3,Village Panchayat,6356
172,221105,1,AIKKARANAD,ഐക്കരനാട്,3,Village Panchayat,6283
173,221257,1,AJANOOR,അജാനൂര്‍,3,Village Panchayat,6303
174,221410,2,AKALAKUNNAM,അകലക്കുന്നം,3,Village Panchayat,6325
175,221636,1,AKATHETHARA,അകത്തേത്തറ,3,Village Panchayat,6360
176,220988,1,ALA,ആല,3,Village Panchayat,6264
177,221853,1,ALAGAPPA NAGAR,അളഗപ്പനഗര്‍,3,Village Panchayat,6393
178,221143,1,ALAKKODE,ആലക്കോട്,3,Village Panchayat,6289
179,221235,2,ALAKODE,ആലക്കോട്,3,Village Panchayat,6301
180,221561,1,ALAMCODE,ആലംകോട്,3,Village Panchayat,6348
181,221644,1,ALANALLUR,അലനല്ലൂര്‍,3,Village Panchayat,6361
182,221041,2,ALANGAD,ആലങ്ങാട്,3,Village Panchayat,6272
183,221328,1,ALAPPAD,ആലപ്പാട്,3,Village Panchayat,6314
184,221606,1,ALATHUR,ആലത്തൂര്‍,3,Village Panchayat,6355
185,221295,1,ALAYAMON,അലയമണ്‍,3,Village Panchayat,6307
186,221554,1,ALIPARAMBA,ആലിപ്പറമ്പ,3,Village Panchayat,6347
187,221862,6,ALUR,"ആളൂര്&amp,amp,zwj,",3,Village Panchayat,6394
188,221544,1,AMARAMBALAM,അമരമ്പലം,3,Village Panchayat,6881
189,221660,1,AMBALAPARA,അമ്പലപ്പാറ,3,Village Panchayat,6363
190,220968,2,AMBALAPPUZHA ( NORTH ),അമ്പലപ്പുഴ വടക്ക്,3,Village Panchayat,6260
191,220969,2,AMBALAPPUZHA(SOUTH),അമ്പലപ്പുഴ തെക്ക്,3,Village Panchayat,6260
192,221929,1,AMBALAVAYAL,അമ്പലവയല്‍,3,Village Panchayat,6405
193,221072,1,AMBALLUR,ആമ്പല്ലൂര്‍,3,Village Panchayat,6277
194,221793,2,AMBOORI,അമ്പൂരി,3,Village Panchayat,6383
195,221775,1,ANAD,ആനാട്,3,Village Panchayat,6380
196,221690,1,ANAKKARA,ആനക്കര,3,Village Panchayat,6367
197,221530,1,ANAKKAYAM,ആനക്കയം,3,Village Panchayat,6344
198,221661,1,ANANGANADI,അനങ്ങനടി,3,Village Panchayat,6363
199,221296,1,ANCHAL,അഞ്ചല്‍,3,Village Panchayat,6307
200,221176,2,ANCHARAKANDY,അഞ്ചരക്കണ്ടി,3,Village Panchayat,6302
201,221763,3,ANDOORKONAM,അണ്ടൂൂര്‍ക്കോണം,3,Village Panchayat,6378
202,221535,1,ANGADIPURAM,അങ്ങാടിപ്പുറം,3,Village Panchayat,6347
203,221720,1,ANICADU,ആനിക്കാട്,3,Village Panchayat,6371
204,221756,3,ANJUTHENGU,അഞ്ചുതെങ്ങ്,3,Village Panchayat,6377
205,221863,2,ANNAMANADA,അന്നമനട,3,Village Panchayat,6394
206,221824,2,ANTHICAD,അന്തിക്കാട്,3,Village Panchayat,6387
207,221150,3,ARAKULAM,അറക്കുളം,3,Village Panchayat,6290
208,221077,1,ARAKUZHA,ആരക്കുഴ,3,Village Panchayat,6278
209,221195,1,ARALAM,ആറളം,3,Village Panchayat,6296
210,221717,1,ARANMULA,ആറന്മുള,3,Village Panchayat,6372
211,221015,4,ARATTUPUZHA,ആറാട്ടുപുഴ,3,Village Panchayat,6268
212,221509,1,AREEKODE,അരീക്കോട്,3,Village Panchayat,6341
213,221297,1,ARIENCAVU,ആര്യങ്കാവ്,3,Village Panchayat,6307
214,221484,1,ARIKULAM,അരിക്കുളം,3,Village Panchayat,6336
215,221888,1,ARIMPOOR,അരിമ്പൂര്‍,3,Village Panchayat,6387
216,221030,1,AROOKUTTY,അരൂക്കുറ്റി,3,Village Panchayat,6270
217,221022,3,AROOR,അരൂര്‍,3,Village Panchayat,6269
218,221373,2,ARPOOKARA,ആര്‍പ്പൂക്കര,3,Village Panchayat,6319
219,221710,2,ARUVAPULAM,അരുവാപ്പുലം,3,Village Panchayat,6370
220,221776,1,ARUVIKKARA,അരുവിക്കര,3,Village Panchayat,6380
221,220973,5,ARYAD,ആര്യാട്,3,Village Panchayat,6261
222,221816,1,ARYANAD,ആര്യനാട്,3,Village Panchayat,6386
223,221794,3,ARYANCODE,ആര്യങ്കോട്,3,Village Panchayat,6383
224,221056,1,ASAMANNOOR,അശമന്നൂര്‍,3,Village Panchayat,6275
225,221524,1,ATHAVANAD,ആതവനാട്,3,Village Panchayat,6343
226,221374,3,ATHIRAMPUZHA,അതിരമ്പുഴ,3,Village Panchayat,6319
227,221828,2,ATHIRAPPALLY,അതിരപ്പള്ളി,3,Village Panchayat,6388
228,221751,1,ATHIYANNOOR,അതിയന്നൂര്‍,3,Village Panchayat,6376
229,221435,1,ATHOLI,അത്തോളി,3,Village Panchayat,6336
230,221889,2,AVANUR,അവണൂര്‍,3,Village Panchayat,6399
231,221839,2,AVINISSERY,ആവിണിശ്ശേരി,3,Village Panchayat,6390
232,221078,1,AVOLY,ആവോലി,3,Village Panchayat,6278
233,221495,1,AYANCHERI,ആയഞ്ചേരി,3,Village Panchayat,6338
234,221403,3,AYARKKUNNAM,അയര്‍കുന്നം,3,Village Panchayat,6324
235,221079,1,AYAVANA,ആയവന,3,Village Panchayat,6278
236,221654,1,AYILOOR,അയിലൂര്‍,3,Village Panchayat,6362
237,221704,1,AYIROOR,അയിരൂര്‍,3,Village Panchayat,6369
238,221372,1,AYMANAM,അയ്മനം,3,Village Panchayat,6319
239,221045,1,AYYAMPUZHA,അയ്യമ്പുഴ,3,Village Panchayat,6273
240,221196,2,AYYANKUNNU,"അയ്യന്&zwj,കുന്ന്",3,Village Panchayat,6296
241,221156,2,AYYAPPANCOIL,"അയ്യപ്പന്&zwj, കോവില്&zwj,",3,Village Panchayat,6291
242,221202,2,AZHIKODE,അഴീക്കോട്,3,Village Panchayat,6297
243,221505,1,AZHIYUR,അഴിയൂര്‍,3,Village Panchayat,6340
244,221757,2,AZHOOR,അഴൂര്‍,3,Village Panchayat,6378
245,221275,1,BADIYADKA,ബദിയഡുക്ക,3,Village Panchayat,6304
246,221258,6,BALAL,ബളാല്‍,3,Village Panchayat,6885
247,221780,4,BALARAMAPURAM,ബാലരാമപുരം,3,Village Panchayat,6381
248,221436,2,BALUSSERI,ബാലുശ്ശേരി,3,Village Panchayat,6329
249,221266,1,BEDADUKA,ബേഡഡുക്ക,3,Village Panchayat,6886
250,221276,1,BELLOOR,ബെള്ളൂര്‍,3,Village Panchayat,6886
251,221390,1,BHARANANGANAM,ഭരണങ്ങാനം,3,Village Panchayat,6322
252,220976,1,BHARANIKKAVU,ഭരണിക്കാവ്,3,Village Panchayat,6262
253,221125,4,BISONVALLEY,ബൈസണ്‍വാലി,3,Village Panchayat,6286
254,220989,2,BUDHANNOOR,ബുധനൂര്‍,3,Village Panchayat,6264
255,221305,1,CHADAYAMANGALAM,ചടയമംഗലം,3,Village Panchayat,6308
256,221488,1,CHAKITTAPARA,ചക്കിട്ടപ്പാറ,3,Village Panchayat,6337
257,221157,4,CHAKKUPALLAM,ചക്കുപള്ളം,3,Village Panchayat,6291
258,221662,1,CHALAVARA,ചളവറ,3,Village Panchayat,6363
259,221691,1,CHALISSERI,ചാലിശ്ശേരി,3,Village Panchayat,6367
260,221545,2,CHALIYAR,ചാലിയാര്‍,3,Village Panchayat,6346
261,220982,7,CHAMPAKKULAM,ചമ്പക്കുളം,3,Village Panchayat,6263
262,221489,1,CHANGAROTH,ചങ്ങരോത്ത്,3,Village Panchayat,6337
263,221236,2,CHAPPARAPADAVU,ചപ്പാരപ്പടവ്,3,Village Panchayat,6301
264,221461,1,CHATHAMANGALAM,ചാത്തമംഗലം,3,Village Panchayat,6333
265,221324,3,CHATHANNUR,ചാത്തന്നൂര്‍,3,Village Panchayat,6311
266,221312,2,CHAVARA,ചവറ,3,Village Panchayat,6309
267,221825,2,CHAZHOOR,ചാഴൂര്‍,3,Village Panchayat,6387
268,221499,1,CHEKKIAD,ചെക്യാട്,3,Village Panchayat,6339
269,221510,3,CHEKKODE,ചീക്കോട്,3,Village Panchayat,6341
270,221881,3,CHELAKKARA,ചേലക്കര,3,Village Panchayat,6398
271,221516,1,CHELAMBRA,ചേലേമ്പ്ര,3,Village Panchayat,6342
272,221443,1,CHELANNUR,ചേളന്നൂര്‍,3,Village Panchayat,6330
273,221085,2,CHELLANAM,ചെല്ലാനം,3,Village Panchayat,6279
274,221485,1,CHEMANACHERY,ചേമഞ്ചേരി,3,Village Panchayat,6336
275,221178,2,CHEMBILODE,ചെമ്പിലോട്,3,Village Panchayat,6294
276,221809,2,CHEMMARUTHY,ചെമ്മരുതി,3,Village Panchayat,6385
277,221267,1,CHEMNAD,ചെമ്മനാട്,3,Village Panchayat,6304
278,221424,1,CHEMPU,ചെമ്പ്,3,Village Panchayat,6327
279,221100,3,CHENDAMANGALAM,ചേന്ദമംഗലം,3,Village Panchayat,6282
280,221268,1,CHENGALA,ചെങ്കള,3,Village Panchayat,6304
281,221237,1,CHENGALAI,ചെങ്ങളായി,3,Village Panchayat,6301
282,221095,1,CHENGAMANAD,ചെങ്ങമനാട്,3,Village Panchayat,6281
283,221486,1,CHENGOTTUKAVU,ചേങ്ങോട്ടുകാവ്,3,Village Panchayat,6336
284,221787,1,CHENKAL,ചെങ്കല്‍,3,Village Panchayat,6382
285,221031,1,CHENNAMPALIPPURAM,ചേന്നംപള്ളിപ്പുറം,3,Village Panchayat,6270
286,221697,1,CHENNEERKARA,ചെന്നീര്‍ക്കര,3,Village Panchayat,6368
287,221011,1,CHENNITHALA THRIPERUMTHARA,ചെന്നിത്തലതൃപ്പെരുന്തുറ,3,Village Panchayat,6267
288,221016,1,CHEPPAD,ചേപ്പാട്,3,Village Panchayat,6268
289,221054,1,CHERANALLUR,ചേരാനല്ലൂര്‍,3,Village Panchayat,6274
290,221569,1,CHERIYAMUNDAM,ചെറിയമുണ്ടം,3,Village Panchayat,6350
291,220990,3,CHERIYANAD,ചെറിയനാട്,3,Village Panchayat,6264
292,221840,5,CHERPU,ചേര്‍പ്പ്,3,Village Panchayat,6390
293,221006,3,CHERTHALA SOUTH,"ചേര്&zwj,ത്തല തെക്ക്",3,Village Panchayat,6266
294,221517,2,CHERUKAVU,ചെറുകാവ്,3,Village Panchayat,6342
295,221698,1,CHERUKOLE,ചെറുകോല്‍,3,Village Panchayat,6368
296,221238,1,CHERUKUNNU,ചെറുകുന്ന്,3,Village Panchayat,6884
297,221810,3,CHERUNNIYOOR,"ചെറുന്നിയൂര്&zwj,",3,Village Panchayat,6385
298,221216,2,CHERUPUZHA,ചെറുപുഴ,3,Village Panchayat,6299
299,220997,1,CHERUTHANA,ചെറുതന,3,Village Panchayat,6265
300,221217,2,CHERUTHAZHAM,ചെറുതാഴം,3,Village Panchayat,6884
301,221490,3,CHERUVANNUR,ചെറുവണ്ണൂര്‍,3,Village Panchayat,6337
302,221286,1,CHERUVATHUR,ചെറുവത്തൂര്‍,3,Village Panchayat,6306
303,221012,1,CHETTIKULANGARA,ചെട്ടികുളങ്ങര,3,Village Panchayat,6267
304,220998,1,CHINGOLI,ചിങ്ങോലി,3,Village Panchayat,6268
305,221136,2,CHINNAKANAL,ചിന്നക്കനാല്‍,3,Village Panchayat,6288
306,221430,1,CHIRAKKADAVU,ചിറക്കടവ്,3,Village Panchayat,6328
307,221203,2,CHIRAKKAL,"ചിറക്കല്&zwj,",3,Village Panchayat,6297
308,244116,10,CHIRAKKARA,ചിറക്കര,3,Village Panchayat,6311
309,221758,3,CHIRAYINKEEZHU,ചിറയിന്‍കീഴ്,3,Village Panchayat,6377
310,221306,2,CHITHARA,ചിതറ,3,Village Panchayat,6308
311,221742,2,CHITTAR,"ചിറ്റാര്&zwj,",3,Village Panchayat,6375
312,221207,1,CHITTARIPARAMBA,ചിറ്റാരിപ്പറമ്പ,3,Village Panchayat,6298
313,221101,2,CHITTATTUKARA,ചിറ്റാറ്റുകര,3,Village Panchayat,6282
314,221546,2,CHOKKAD,ചോക്കാട്,3,Village Panchayat,6881
315,221248,3,CHOKLI,ചൊക്ളി,3,Village Panchayat,6883
316,221843,4,CHOONDAL,"ചൂണ്ടല്&zwj,",3,Village Panchayat,6391
317,221111,5,CHOORNIKKARA,ചൂര്‍ണ്ണിക്കര,3,Village Panchayat,6284
318,221506,1,CHORODE,ചോറോട്,3,Village Panchayat,6340
319,221073,1,CHOTTANIKKARA,ചോറ്റാനിക്കര,3,Village Panchayat,6277
320,221844,4,CHOWWANNUR,"ചൊവ്വന്നൂര്&zwj,",3,Village Panchayat,6391
321,220977,2,CHUNAKKARA,ചുനക്കര,3,Village Panchayat,6262
322,221547,1,CHUNGATHARA,ചുങ്കത്തറ,3,Village Panchayat,6346
323,221341,1,CLAPPANA,ക്ലാപ്പന,3,Village Panchayat,6314
324,221269,1,DELAMPADY,ദേലംപാടി,3,Village Panchayat,6886
325,221903,3,DESAMANGALAM,ദേശമംഗലം,3,Village Panchayat,6402
326,238327,1,DEVIKULAM,ദേവികുളം,3,Village Panchayat,6288
327,221017,1,DEVIKULANGARA,ദേവികുളങ്ങര,3,Village Panchayat,6268
328,221249,2,DHARMADAM,"ധര്&zwj,മ്മടം",3,Village Panchayat,6302
329,221287,4,EAST ELERI,ഈസ്റ്റ് എളേരി,3,Village Panchayat,6885
330,221500,1,EDACHERI,എടച്ചേരി,3,Village Panchayat,6339
331,221548,1,EDAKKARA,എടക്കര,3,Village Panchayat,6346
332,221074,1,EDAKKATTUVAYAL,എടയ്ക്കാട്ടുവയല്‍,3,Village Panchayat,6277
333,276898,3,Edamalakkudy,ഇടമലക്കുടി,3,Village Panchayat,6288
334,221298,1,EDAMULAKKAL,ഇടമുളയ്ക്കല്‍,3,Village Panchayat,6307
335,221566,1,EDAPPAL,എടപ്പാള്‍,3,Village Panchayat,6349
336,221555,1,EDAPPATTA,എടപ്പറ്റ,3,Village Panchayat,6881
337,221591,2,EDARIKODE,എടരിക്കോട്,3,Village Panchayat,6353
338,221112,2,EDATHALA,എടത്തല,3,Village Panchayat,6284
339,221867,1,EDATHIRUTHY,എടത്തിരുത്തി,3,Village Panchayat,6395
340,220983,4,EDATHUA,എടത്വ,3,Village Panchayat,6263
341,221811,1,EDAVA,ഇടവ,3,Village Panchayat,6385
342,221922,1,EDAVAKA,എടവക,3,Village Panchayat,6404
343,221117,1,EDAVANAKKAD,എടവനക്കാട്,3,Village Panchayat,6285
344,221597,1,EDAVANNA,എടവണ്ണ,3,Village Panchayat,6341
345,221170,1,EDAVETTY,ഇടവെട്ടി,3,Village Panchayat,6293
346,221860,1,EDAVILANGU,എടവിലങ്ങ്,3,Village Panchayat,6395
347,221525,1,EDAYOOR,എടയൂര്‍,3,Village Panchayat,6343
348,221812,2,ELAKAMON,"ഇലകമണ്&zwj,",3,Village Panchayat,6385
349,221307,1,ELAMADU,ഇളമാട്,3,Village Panchayat,6308
350,221337,4,ELAMBALLUR,ഇളംപള്ളൂര്‍,3,Village Panchayat,6313
351,221556,1,ELAMKULAM,ഏലംകുളം,3,Village Panchayat,6347
352,221118,1,ELAMKUNNAPUZHA,എളങ്കുന്നപ്പുഴ,3,Village Panchayat,6274
353,221087,1,ELANJI,ഇലഞ്ഞി,3,Village Panchayat,6280
354,221699,1,ELANTHOOR,ഇലന്തൂര്‍,3,Village Panchayat,6368
355,221130,1,ELAPPARA,ഏലപ്പാറ,3,Village Panchayat,6287
356,221637,1,ELAPPULLY,എലപ്പുള്ളി,3,Village Panchayat,6357
357,221872,1,ELAVALLY,എളവള്ളി,3,Village Panchayat,6396
358,221655,1,ELAVANCHERRY,എലവഞ്ചേരി,3,Village Panchayat,6362
359,221411,1,ELIKULAM,എലിക്കുളം,3,Village Panchayat,6325
360,221730,1,ENADIMANGALAM,ഏനാദിമംഗലം,3,Village Panchayat,6373
361,221893,3,ENGANDIYUR,ഏങ്ങണ്ടിയൂര്‍,3,Village Panchayat,6400
362,221277,2,ENMAKAJE,"എന്&zwj,മകജെ",3,Village Panchayat,6305
363,221507,1,ERAMALA,ഏറാമല,3,Village Panchayat,6340
364,221218,2,ERAMAM -KUTTOOR,"എരമം കുറ്റൂര്&zwj,",3,Village Panchayat,6299
365,221250,3,ERANHOLI,എരഞ്ഞോളി,3,Village Panchayat,6302
366,221731,1,ERATHU,ഏറത്ത്,3,Village Panchayat,6373
367,221158,3,ERATTAYAR,"ഇരട്ടയാര്&zwj,",3,Village Panchayat,6291
368,221705,1,ERAVIPEROOR,ഇരവിപേരൂര്‍,3,Village Panchayat,6369
369,221607,1,ERIMAYUR,എരിമയൂര്‍,3,Village Panchayat,6355
370,221861,1,ERIYAD,എറിയാട്,3,Village Panchayat,6395
371,221299,1,EROOR,ഏരൂര്‍,3,Village Panchayat,6307
372,221904,4,ERUMAPETTY,എരുമപ്പെട്ടി,3,Village Panchayat,6402
373,221384,2,ERUMELI,എരുമേലി,3,Village Panchayat,6321
374,221618,2,ERUTHAMPATHY,എരുത്തേമ്പതി,3,Village Panchayat,6357
375,221185,1,ERUVESSEY,എരുവേശ്ശി,3,Village Panchayat,6295
376,221732,1,EZHAMKULAM,ഏഴംകുളം,3,Village Panchayat,6373
377,221102,3,EZHIKKARA,ഏഴിക്കര,3,Village Panchayat,6282
378,221219,2,EZHOME,ഏഴോം,3,Village Panchayat,6884
379,221331,1,EZHUKONE,എഴുകോണ്‍,3,Village Panchayat,6312
380,221706,1,EZHUMATTOOR,എഴുമറ്റൂര്‍,3,Village Panchayat,6369
381,221023,1,EZHUPUNNA,എഴുപുന്ന,3,Village Panchayat,6269
382,221151,2,IDUKKI - KANJIKUZHY,ഇടുക്കി കഞ്ഞിക്കുഴി,3,Village Panchayat,6290
383,221186,1,IRIKKUR,ഇരിക്കൂര്‍,3,Village Panchayat,6295
384,221526,1,IRIMBILAYAM,ഇരിമ്പിളിയം,3,Village Panchayat,6343
385,221308,1,ITTIVA,ഇട്ടിവ,3,Village Panchayat,6308
386,221309,2,KADAKKAL,കടയ്ക്കല്‍,3,Village Panchayat,6308
387,221024,2,KADAKKARAPPALLY,കടക്കരപ്പള്ളി,3,Village Panchayat,6266
388,221759,2,KADAKKAVOOR,"കടക്കാവൂര്&zwj,",3,Village Panchayat,6377
389,221458,1,KADALUNDI,കടലുണ്ടി,3,Village Panchayat,6332
390,221055,1,KADAMAKKUDY,കടമക്കുടി,3,Village Panchayat,6274
391,221181,1,KADAMBOOR,കടമ്പൂര്‍,3,Village Panchayat,6294
392,221733,1,KADAMPANADU,കടമ്പനാട്,3,Village Panchayat,6373
393,221684,1,KADAMPAZHIPURAM,കടമ്പഴിപ്പുറം,3,Village Panchayat,6366
394,221391,3,KADANAD,കടനാട്,3,Village Panchayat,6322
395,221905,3,KADANGODE,കടങ്ങോട്,3,Village Panchayat,6391
396,221220,2,KADANNAPALLY -PANAPUZHA,കടന്നപ്പള്ളി പാണപ്പുഴ,3,Village Panchayat,6301
397,221416,3,KADAPLAMATTOM,കടപ്ലാമറ്റം,3,Village Panchayat,6326
398,221834,5,KADAPPURAM,കടപ്പുറം,3,Village Panchayat,6389
399,221737,1,KADAPRA,കടപ്ര,3,Village Panchayat,6374
400,221845,2,KADAVALLUR,"കടവല്ലൂര്&zwj,",3,Village Panchayat,6391
401,221764,1,KADINAMKULAM,കഠിനംകുളം,3,Village Panchayat,6378
402,221251,2,KADIRUR,"കതിരൂര്&zwj,",3,Village Panchayat,6883
403,221829,2,KADUKUTTY,കാടുകുറ്റി,3,Village Panchayat,6388
404,221043,2,KADUNGALLUR,കടുങ്ങല്ലൂര്‍,3,Village Panchayat,6272
405,221377,1,KADUTHURUTHY,കടുത്തുരുത്തി,3,Village Panchayat,6320
406,220984,6,KAINAKARY,കൈനകരി,3,Village Panchayat,6263
407,221868,1,KAIPAMANGALAM,കൈപ്പമംഗലം,3,Village Panchayat,6395
408,221890,2,KAIPARAMBA,കൈപ്പറമ്പ്,3,Village Panchayat,6399
409,221444,1,KAKKODI,കക്കോടി,3,Village Panchayat,6330
410,221445,1,KAKKUR,കാക്കൂര്‍,3,Village Panchayat,6330
411,221046,2,KALADY,കാലടി,3,Village Panchayat,6273
412,239030,1,KALADY,കാലടി,3,Village Panchayat,6349
413,221734,1,KALANJOOR,കലഞ്ഞൂര്‍,3,Village Panchayat,6373
414,221549,1,KALIKAVU,കാളികാവ്,3,Village Panchayat,6881
415,221259,4,KALLAR,"കള്ളാര്&zwj,",3,Village Panchayat,6885
416,221378,1,KALLARA,കല്ലറ,3,Village Panchayat,6320
417,221801,1,KALLARA,കല്ലറ,3,Village Panchayat,6384
418,221239,2,KALLIASSERY,കല്ല്യാശ്ശേരി,3,Village Panchayat,6884
419,221795,3,KALLIKKADU,കള്ളിക്കാട്,3,Village Panchayat,6383
420,221781,1,KALLIYOOR,കല്ലിയൂര്‍,3,Village Panchayat,6381
421,221721,1,KALLOOPPARA,കല്ലൂപ്പാറ,3,Village Panchayat,6371
422,221080,1,KALLOORKKAD,കല്ലൂര്‍ക്കാട്,3,Village Panchayat,6278
423,221325,7,KALLUVATHUKKAL,കല്ലുവാതുക്കല്‍,3,Village Panchayat,6311
424,221570,1,KALPAKANCHERI,കല്‍പകഞ്ചേരി,3,Village Panchayat,6343
425,221152,2,KAMAKSHY,കാമാക്ഷി,3,Village Panchayat,6290
426,221417,1,KANAKKARI,കാണക്കാരി,3,Village Panchayat,6326
427,221159,2,KANCHIYAR,"കാഞ്ചിയാര്&zwj,",3,Village Panchayat,6291
428,221018,1,KANDALLOOR,കണ്ടല്ലൂര്‍,3,Village Panchayat,6268
429,221846,5,KANDANASSERY,കണ്ടാണശ്ശേരി,3,Village Panchayat,6391
430,221431,1,KANGAZHA,കങ്ങഴ,3,Village Panchayat,6328
431,221912,2,KANIAMBETTA,കണിയാമ്പറ്റ,3,Village Panchayat,6882
432,221228,2,KANICHAR,"കണിച്ചാര്&zwj,",3,Village Panchayat,6300
433,221007,3,KANJIKUZHI,കഞ്ഞിക്കുഴി,3,Village Panchayat,6266
434,221752,1,KANJIRAMKULAM,കാഞ്ഞിരംകുളം,3,Village Panchayat,6376
435,221645,3,KANJIRAMPUZHA,കാഞ്ഞിരപുഴ,3,Village Panchayat,6361
436,221385,1,KANJIRAPPALLY,കാഞ്ഞിരപ്പള്ളി,3,Village Panchayat,6321
437,221047,1,KANJOOR,കാഞ്ഞൂര്‍,3,Village Panchayat,6273
438,221221,2,KANKOLE- ALAPADAMBA,"കാങ്കോല്&zwj,  ആലപ്പടമ്പ",3,Village Panchayat,6299
439,221629,1,KANNADI,കണ്ണാടി,3,Village Panchayat,6359
440,221592,1,KANNAMANGALAM,കണ്ണമംഗലം,3,Village Panchayat,6353
441,221608,1,KANNAMBARA,കണ്ണമ്പ്ര,3,Village Panchayat,6355
442,221240,2,KANNAPURAM,കണ്ണപുരം,3,Village Panchayat,6884
443,221137,1,KANTHALLOOR,കാന്തല്ലൂര്‍,3,Village Panchayat,6288
444,221692,1,KAPPUR,കപ്പൂര്‍,3,Village Panchayat,6367
445,221270,1,KARADKA,കാറഡുക്ക,3,Village Panchayat,6886
446,221777,1,KARAKULAM,കരകുളം,3,Village Panchayat,6380
447,221646,1,KARAKURISSI,കാരാകുറുശ്ശി,3,Village Panchayat,6366
448,221849,5,KARALAM,,3,Village Panchayat,6392
449,221462,1,KARASSERI,കാരശ്ശേരി,3,Village Panchayat,6333
450,221300,1,KARAVALOOR,കരവാളൂര്‍,3,Village Panchayat,6307
451,221767,2,KARAVARAM,കരവാരം,3,Village Panchayat,6379
452,221332,1,KAREEPRA,കരീപ്ര,3,Village Panchayat,6312
453,221144,2,KARIMANNOOR,കരിമണ്ണൂര്‍,3,Village Panchayat,6289
454,221647,2,KARIMBA,കരിമ്പ,3,Village Panchayat,6361
455,221171,1,KARIMKUNNAM,കരിങ്കുന്നം,3,Village Panchayat,6293
456,221685,1,KARIMPUZHA,കരിമ്പുഴ,3,Village Panchayat,6366
457,221222,2,KARIVELLUR -PERALAM,"കരിവെള്ളൂര്&zwj, പെരളം",3,Village Panchayat,6299
458,221788,1,KARODE,കാരോട്,3,Village Panchayat,6382
459,221392,1,KAROOR,കരൂര്‍,3,Village Panchayat,6322
460,221000,2,KARTHIKAPPALLY,കാര്‍ത്തികപ്പള്ളി,3,Village Panchayat,6265
461,221396,4,KARUKACHAL,കറുകച്ചാല്‍,3,Village Panchayat,6328
462,221048,1,KARUKUTTY,കറുകുറ്റി,3,Village Panchayat,6273
463,221550,2,KARULAI,കരുളായ്,3,Village Panchayat,6881
464,221042,4,KARUMALLOOR,കരുമാല്ലൂര്‍,3,Village Panchayat,6272
465,221753,2,KARUMKULAM,കരുംകുളം,3,Village Panchayat,6376
466,221163,1,KARUNAPURAM,കരുണാപുരം,3,Village Panchayat,6292
467,221598,1,KARUVARAKUNDU,കരുവാരകുണ്ട്,3,Village Panchayat,6881
468,221001,2,KARUVATTA,കരുവാറ്റ,3,Village Panchayat,6265
469,221847,2,KATTAKAMPAL,"കാട്ടകാമ്പാല്&zwj,",3,Village Panchayat,6391
470,221817,2,KATTAKKADA,കാട്ടാക്കട,3,Village Panchayat,6386
471,235965,1,KATTIPPARA,കട്ടിപ്പാറ,3,Village Panchayat,6331
472,221850,1,KATTUR,,3,Village Panchayat,6392
473,221035,3,KAVALAM,കാവാലം,3,Village Panchayat,6271
474,221062,1,KAVALANGAD,കവളങ്ങാട്,3,Village Panchayat,6276
475,221511,1,KAVANNUR,കാവന്നൂര്‍,3,Village Panchayat,6341
476,221609,1,KAVASERY,കാവശ്ശേരി,3,Village Panchayat,6355
477,221471,3,KAVILUMPARA,കാവിലുമ്പാറ,3,Village Panchayat,6334
478,221722,1,KAVIYOOR,കവിയൂര്‍,3,Village Panchayat,6371
479,221472,1,KAYAKKODI,കായക്കൊടി,3,Village Panchayat,6334
480,221491,2,KAYANNA,കായണ്ണ,3,Village Panchayat,6337
481,221288,2,KAYYUR CHEEMENI,"കയ്യൂര്&zwj, ചീമേനി",3,Village Panchayat,6306
482,221063,1,KEERAMPARA,കീരംപാറ,3,Village Panchayat,6276
483,221197,2,KEEZHALLUR,"കീഴല്ലൂര്&zwj,",3,Village Panchayat,6296
484,221479,1,KEEZHARIYUR,കീഴരിയൂര്‍,3,Village Panchayat,6335
485,221557,1,KEEZHATTUR,കീഴാറ്റൂര്‍,3,Village Panchayat,6347
486,221113,2,KEEZHMAD,കീഴ്മാട്,3,Village Panchayat,6284
487,221229,2,KELAKAM,കേളകം,3,Village Panchayat,6300
488,221665,1,KERALASSERY,കേരളശ്ശേരി,3,Village Panchayat,6364
489,221418,2,KIDANGOOR,"കിടങ്ങൂര്&zwj,",3,Village Panchayat,6325
490,221768,1,KILIMANOOR,കിളിമാനൂര്‍,3,Village Panchayat,6379
491,221289,7,KINANOOR KARINDALAM,"കിനാനൂര്&zwj, കരിന്തളം",3,Village Panchayat,6885
492,221114,2,KIZHAKKAMBALAM,കിഴക്കമ്പലം,3,Village Panchayat,6284
493,221610,1,KIZHAKKANCHERRY,കിഴക്കഞ്ചേരി,3,Village Panchayat,6355
494,221317,2,KIZHAKKEKALLADA,കിഴക്കേ കല്ലട,3,Village Panchayat,6310
495,221449,1,KIZHAKKOTH,കിഴക്കോത്ത്,3,Village Panchayat,6331
496,221512,1,KIZHUPARAMBA,കീഴുപറമ്പ,3,Village Panchayat,6341
497,221760,1,KIZHUVILAM,കീഴുവിലം,3,Village Panchayat,6377
498,221854,2,KODAKARA,കൊടകര,3,Village Panchayat,6393
499,221025,1,KODAMTHURUTHU,കോടംതുരുത്ത്,3,Village Panchayat,6269
500,221830,4,KODASSERY,കോടശ്ശേരി,3,Village Panchayat,6388
501,221463,1,KODENCHERI,കോടഞ്ചേരി,3,Village Panchayat,6331
502,221145,1,KODIKULAM,കോടിക്കുളം,3,Village Panchayat,6289
503,221464,1,KODIYATHUR,കൊടിയത്തൂര്‍,3,Village Panchayat,6333
504,221260,4,KODOMBELLUR,കോടോം ബേളൂര്‍,3,Village Panchayat,6885
505,221666,2,KODUMBA,കൊടുമ്പ,3,Village Panchayat,6360
506,221735,1,KODUMON,കൊടുമണ്‍,3,Village Panchayat,6373
507,221536,2,KODUR,കോഡൂര്‍,3,Village Panchayat,6344
508,221624,1,KODUVAYUR,കൊടുവായൂര്‍,3,Village Panchayat,6358
509,221707,1,KOIPURAM,കോയിപ്രം,3,Village Panchayat,6369
510,221131,1,KOKKAYAR,കൊക്കയാര്‍,3,Village Panchayat,6287
511,221187,1,KOLACHERRY,കൊളച്ചേരി,3,Village Panchayat,6294
512,221230,1,KOLAYAD,കോളയാട്,3,Village Panchayat,6300
513,221876,1,KOLAZHY,കോലഴി,3,Village Panchayat,6399
514,221796,1,KOLLAYIL,കൊല്ലയില്‍,3,Village Panchayat,6383
515,221625,1,KOLLENGODE,കൊല്ലങ്കോട്,3,Village Panchayat,6358
516,221882,1,KONDAZHY,കൊണ്ടാഴി,3,Village Panchayat,6398
517,221667,1,KONGAD,കോങ്ങാട്,3,Village Panchayat,6364
518,221126,1,KONNATHADY,കൊന്നത്തടി,3,Village Panchayat,6286
519,221711,2,KONNI,കോന്നി,3,Village Panchayat,6370
520,221199,1,KOODALI,കൂടാളി,3,Village Panchayat,6296
521,221451,1,KOODARANJI,കൂടരഞ്ഞി,3,Village Panchayat,6331
522,221437,4,KOORACHUNDU,കൂരാച്ചുണ്ട്,3,Village Panchayat,6329
523,221412,2,KOOROPPADA,കൂരോപ്പട,3,Village Panchayat,6325
524,221492,1,KOOTHALI,കൂത്താളി,3,Village Panchayat,6337
525,221386,1,KOOTTICKAL,കൂട്ടിക്കല്‍,3,Village Panchayat,6321
526,221537,1,KOOTTILANGADI,കൂട്ടിലങ്ങാടി,3,Village Panchayat,6345
527,221057,2,KOOVAPPADY,കൂവപ്പടി,3,Village Panchayat,6275
528,221673,1,KOPPAM,കൊപ്പം,3,Village Panchayat,6365
529,221831,5,KORATTY,കൊരട്ടി,3,Village Panchayat,6388
530,239035,5,KORUTHODE,കോരുത്തോട്,3,Village Panchayat,6321
531,221338,5,KOTTAMKARA,കൊറ്റങ്കര,3,Village Panchayat,6313
532,221723,1,KOTTANADU,കൊറ്റനാട്,3,Village Panchayat,6371
533,221724,1,KOTTANGAL,കോട്ടാങ്ങല്‍,3,Village Panchayat,6371
534,221648,1,KOTTAPPADAM,കോട്ടപ്പാടം,3,Village Panchayat,6361
535,221064,1,KOTTAPPADY,കോട്ടപ്പടി,3,Village Panchayat,6276
536,221913,1,KOTTATHARA,കോട്ടത്തറ,3,Village Panchayat,6403
537,221253,2,KOTTAYAM,കോട്ടയം,3,Village Panchayat,6298
538,221630,1,KOTTAYI,കോട്ടായി,3,Village Panchayat,6359
539,221231,2,KOTTIYOOR,"കൊട്ടിയൂര്&zwj,",3,Village Panchayat,6300
540,221754,2,KOTTUKAL,കോട്ടുകാല്‍,3,Village Panchayat,6376
541,221438,2,KOTTUR,കോട്ടൂര്‍,3,Village Panchayat,6329
542,221103,1,KOTTUVALLY,കോട്ടുവള്ളി,3,Village Panchayat,6282
543,221700,1,KOZHENCHERRY,കോഴഞ്ചേരി,3,Village Panchayat,6368
544,221619,2,KOZHINJAMPARA,കൊഴിഞ്ഞാമ്പാറ,3,Village Panchayat,6357
545,221393,1,KOZHUVANAL,കൊഴുവനാല്‍,3,Village Panchayat,6322
546,221019,1,KRISHNAPURAM,കൃഷ്ണപുരം,3,Village Panchayat,6268
547,221146,6,KUDAYATHOOR,കുടയത്തൂര്‍,3,Village Panchayat,6289
548,221357,4,KULAKKADA,കുളക്കട,3,Village Panchayat,6317
549,221718,1,KULANADA,കുളനട,3,Village Panchayat,6372
550,221342,1,KULASEKHARAPURAM,കുലശേഖരപുരം,3,Village Panchayat,6314
551,221789,1,KULATHOOR,കുളത്തൂര്‍,3,Village Panchayat,6382
552,221301,1,KULATHUPUZHA,കുളത്തൂപ്പുഴ,3,Village Panchayat,6307
553,221674,1,KULUKKALLUR,കുലുക്കല്ലൂര്‍,3,Village Panchayat,6365
554,221132,1,KUMALY,കുമിളി,3,Village Panchayat,6287
555,221404,1,KUMARAKOM,കുമരകം,3,Village Panchayat,6319
556,221172,3,KUMARAMANGALAM,കുമാരമംഗലം,3,Village Panchayat,6293
557,221649,1,KUMARAMPUTHUR,കുമരം പുത്തൂര്‍,3,Village Panchayat,6361
558,221002,1,KUMARAPURAM,കുമാരപുരം,3,Village Panchayat,6265
559,221278,1,KUMBADAJE,കുംബഡാജെ,3,Village Panchayat,6886
560,221279,2,KUMBALA,കുമ്പള,3,Village Panchayat,6304
561,221124,1,KUMBALAM,കുമ്പളം,3,Village Panchayat,6279
562,221086,1,KUMBALANGY,കുമ്പളങ്ങി,3,Village Panchayat,6279
563,244115,1,KUMMIL,കുമ്മിള്‍,3,Village Panchayat,6308
564,221318,1,KUNDARA,കുണ്ടറ,3,Village Panchayat,6310
565,221223,2,KUNHIMANGALAM,കുഞ്ഞിമംഗലം,3,Village Panchayat,6299
566,221465,1,KUNNAMANGALAM,കുന്ദമംഗലം,3,Village Panchayat,6333
567,221725,1,KUNNATHANAM,കുന്നന്താനം,3,Village Panchayat,6371
568,221797,3,KUNNATHUKAL,കുന്നത്തുകാല്‍,3,Village Panchayat,6383
569,221106,1,KUNNATHUNAD,കുന്നത്തുനാട്,3,Village Panchayat,6283
570,221208,1,KUNNATHUPARAMBA,കുന്നോത്തുപറമ്പ,3,Village Panchayat,6298
571,221351,1,KUNNATHUR,കുന്നത്തൂര്‍,3,Village Panchayat,6316
572,221096,3,KUNNUKARA,കുന്നുകര,3,Village Panchayat,6281
573,221473,1,KUNNUMAL,കുന്നുമ്മല്‍,3,Village Panchayat,6334
574,221419,1,KURAVILANGAD,കുറവിലങ്ങാട്,3,Village Panchayat,6326
575,221397,1,KURICHY,കുറിച്ചി,3,Village Panchayat,6324
576,221241,1,KURUMATHUR,കുറുമാത്തൂര്‍,3,Village Panchayat,6301
577,221538,3,KURUVA,കുറുവ,3,Village Panchayat,6345
578,221466,1,KURUVATTUR,കുരുവട്ടൂര്‍,3,Village Panchayat,6333
579,221631,1,KUTHANOOR,കുത്തന്നൂര്‍,3,Village Panchayat,6359
580,221026,1,KUTHIATHODU,കുത്തിയതോട്,3,Village Panchayat,6269
581,221271,1,KUTIKKOL,കുറ്റിക്കോല്‍,3,Village Panchayat,6886
582,221065,1,KUTTAMPUZHA,കുട്ടമ്പുഴ,3,Village Panchayat,6276
583,221474,1,KUTTIADI,കുറ്റ്യാടി,3,Village Panchayat,6334
584,221188,1,KUTTIATTOR,കുറ്റ്യാട്ടൂര്‍,3,Village Panchayat,6295
585,221818,2,KUTTICHAL,"കുറ്റിച്ചല്&zwj,",3,Village Panchayat,6386
586,221527,1,KUTTIPPURAM,കുറ്റിപ്പുറം,3,Village Panchayat,6343
587,221738,1,KUTTOOR,കുറ്റൂര്‍,3,Village Panchayat,6374
588,221632,1,KUZHALMANNAM,കുഴല്‍മന്ദം,3,Village Panchayat,6359
589,221513,1,KUZHIMANNA,കുഴിമണ്ണ,3,Village Panchayat,6341
590,221119,1,KUZHUPPILLY,കുഴുപ്പിള്ളി,3,Village Panchayat,6285
591,221864,2,KUZHUR,"കുഴൂര്&zwj,",3,Village Panchayat,6394
592,221663,1,LAKKIDIPERUR,ലെക്കിടി  പേരൂര്‍,3,Village Panchayat,6363
593,221877,1,MADAKKATHARA,മാടക്കത്തറ,3,Village Panchayat,6397
594,221398,1,MADAPPALLY,മാടപ്പള്ളി,3,Village Panchayat,6323
595,221452,1,MADAVOOR,മടവൂര്‍,3,Village Panchayat,6331
596,221769,2,MADAVOOR,"മടവൂര്&zwj,",3,Village Panchayat,6379
597,221224,2,MADAYI,മാടായി,3,Village Panchayat,6884
598,221272,3,MADHUR,മധൂര്‍,3,Village Panchayat,6304
599,221261,1,MADIKKAI,മടിക്കൈ,3,Village Panchayat,6303
600,221539,1,MAKKARAPARAMBA,മക്കരപറമ്പ,3,Village Panchayat,6345
601,221865,4,MALA,മാള,3,Village Panchayat,6394
602,221638,2,MALAMPUZHA,മലമ്പുഴ,3,Village Panchayat,6360
603,221189,1,MALAPATTOM,മലപ്പട്ടം,3,Village Panchayat,6295
604,221712,2,MALAYALAPUZHA,മലയാലപ്പുഴ,3,Village Panchayat,6370
605,221049,2,MALAYATTOOR NEELESWARAM,മലയാറ്റൂര്‍ നീലേശ്വരം,3,Village Panchayat,6273
606,221782,2,MALAYINKEEZH,"മലയിന്&zwj,കീഴ്",3,Village Panchayat,6381
607,221726,1,MALLAPPALLY,മല്ലപ്പള്ളി,3,Village Panchayat,6371
608,221701,1,MALLAPUZHASSERY,മല്ലപ്പുഴശ്ശേരി,3,Village Panchayat,6368
609,221232,1,MALUR,മാലൂര്‍,3,Village Panchayat,6300
610,221599,5,MAMBAD,മമ്പാട്,3,Village Panchayat,6354
611,221173,1,MANAKKAD,മണക്കാട്,3,Village Panchayat,6293
612,221826,1,MANALLUR,മണലൂര്‍,3,Village Panchayat,6387
613,221813,2,MANAMBOOR,"മണമ്പൂര്&zwj,",3,Village Panchayat,6385
614,221089,1,MANEED,മണീട്,3,Village Panchayat,6277
615,221577,1,MANGALAM,മംഗലം,3,Village Panchayat,6351
616,221765,3,MANGALAPURAM,മംഗലപുരം,3,Village Panchayat,6378
617,221280,2,MANGALPADY,"മംഗല്&zwj,പാടി",3,Village Panchayat,6305
618,221209,1,MANGATTIDOM,മാങ്ങാട്ടിടം,3,Village Panchayat,6298
619,221802,1,MANICKAL,മാണിക്കല്‍,3,Village Panchayat,6384
620,221387,1,MANIMALA,മണിമല,3,Village Panchayat,6321
621,221496,1,MANIYUR,മണിയൂര്‍,3,Village Panchayat,6338
622,221081,1,MANJALLOOR,മഞ്ഞള്ളൂര്‍,3,Village Panchayat,6278
623,221050,1,MANJAPRA,മഞ്ഞപ്ര,3,Village Panchayat,6273
624,221281,3,MANJEWSWARAM,മഞ്ചേശ്വരം,3,Village Panchayat,6305
625,221379,1,MANJOOR,മാഞ്ഞൂര്‍,3,Village Panchayat,6326
626,221540,1,MANKADA,മങ്കട,3,Village Panchayat,6345
627,221668,1,MANKARA,മങ്കര,3,Village Panchayat,6364
628,221138,1,MANKULAM,മാങ്കുളം,3,Village Panchayat,6288
629,220974,5,MANNANCHERY,മണ്ണഞ്ചേരി,3,Village Panchayat,6261
630,220991,1,MANNAR,മാന്നാര്‍,3,Village Panchayat,6267
631,221405,3,MANNARKADU,മണര്‍കാട്,3,Village Panchayat,6325
632,221669,1,MANNUR,മണ്ണൂര്‍,3,Village Panchayat,6364
633,221082,3,MARADY,മാറാടി,3,Village Panchayat,6278
634,221528,1,MARAKKARA,മാറാക്കര,3,Village Panchayat,6343
635,221783,2,MARANALLOOR,"മാറനല്ലൂര്&zwj,",3,Village Panchayat,6381
636,221562,1,MARANCHERI,മാറഞ്ചേരി,3,Village Panchayat,6348
637,221420,1,MARANGATTUPILLY,മരങ്ങാട്ടുപിള്ളി,3,Village Panchayat,6326
638,221008,1,MARARIKKULAM NORTH,മാരാരിക്കുളം വടക്ക്,3,Village Panchayat,6266
639,220975,1,MARARIKKULAM SOUTH,മാരാരിക്കുളം തെക്ക്,3,Village Panchayat,6261
640,221425,1,MARAVANTHURUTHU,മറവന്‍തുരുത്ത്,3,Village Panchayat,6327
641,221139,1,MARAYOOR,മറയൂര്‍,3,Village Panchayat,6288
642,221153,2,MARIYAPURAM,മരിയാപുരം,3,Village Panchayat,6290
643,221639,3,MARUTHARODE,മരുതറോഡ്,3,Village Panchayat,6360
644,221475,4,MARUTHOMKARA,മരുതോങ്കര,3,Village Panchayat,6334
645,221869,1,MATHILAKAM,മതിലകം,3,Village Panchayat,6395
646,221633,1,MATHUR,മാത്തൂര്‍,3,Village Panchayat,6359
647,221855,2,MATTATHUR,"മറ്റത്തൂര്&zwj,",3,Village Panchayat,6393
648,221225,1,MATTOOL,മാട്ടൂല്‍,3,Village Panchayat,6884
649,220978,1,MAVELIKKARA THAMARAKKULAM,മാവേലിക്കര താമരക്കുളം,3,Village Panchayat,6262
650,221013,1,MAVELIKKARA THEKKEKARA,മാവേലിക്കര തെക്കേക്കര,3,Village Panchayat,6267
651,221467,1,MAVOOR,മാവൂര്‍,3,Village Panchayat,6333
652,221339,1,MAYYANAD,മയ്യനാട്,3,Village Panchayat,6313
653,221190,1,MAYYIL,മയ്യില്‍,3,Village Panchayat,6295
654,221107,1,MAZHUVANNOOR,മഴുവന്നൂര്‍,3,Village Panchayat,6283
655,221394,1,MEENACHIL,മീനച്ചില്‍,3,Village Panchayat,6322
656,221413,3,MEENADOM,മീനടം,3,Village Panchayat,6325
657,221930,1,MEENANGADI,മീനങ്ങാടി,3,Village Panchayat,6405
658,221282,2,MEENJA,മീഞ്ച,3,Village Panchayat,6305
659,221656,1,MELARCODE,മേലാര്‍കോട്,3,Village Panchayat,6362
660,221558,1,MELATTUR,മേലാറ്റൂര്‍,3,Village Panchayat,6347
661,221358,1,MELILA,മേലില,3,Village Panchayat,6317
662,221364,1,MELUKAVU,മേലുകാവ്,3,Village Panchayat,6318
663,221832,2,MELUR,"മേലൂര്&zwj,",3,Village Panchayat,6388
664,221914,4,MEPPADI,മേപ്പാടി,3,Village Panchayat,6403
665,221480,1,MEPPAYUR,മേപ്പയൂര്‍,3,Village Panchayat,6335
666,221719,1,MEZHUVELI,മെഴുവേലി,3,Village Panchayat,6372
667,221273,3,MOGRAL PUTHUR,മൊഗ്രാല്‍ പുത്തൂര്‍,3,Village Panchayat,6304
668,221210,1,MOKERI,മൊകേരി,3,Village Panchayat,6883
669,221487,1,MOODADI,മൂടാടി,3,Village Panchayat,6336
670,221051,1,MOOKKANNUR,മൂക്കന്നൂര്‍,3,Village Panchayat,6273
671,221365,1,MOONILAVU,മൂന്നിലവ്,3,Village Panchayat,6318
672,221583,1,MOONNIYUR,മൂന്നിയൂര്‍,3,Village Panchayat,6352
673,221541,2,MOORKKANAD,മൂര്‍ക്കനാട്,3,Village Panchayat,6345
674,221551,3,MOOTHADEM,മൂത്തേടം,3,Village Panchayat,6346
675,221531,1,MORAYUR,മൊറയൂര്‍,3,Village Panchayat,6344
676,221761,2,MUDAKKAL,മുദാക്കല്‍,3,Village Panchayat,6377
677,221058,1,MUDAKUZHA,മുടക്കുഴ,3,Village Panchayat,6275
678,239029,1,MUDUVALUR,മുതുവല്ലൂര്‍,3,Village Panchayat,6342
679,221009,5,MUHAMMA,മുഹമ്മ,3,Village Panchayat,6261
680,220992,2,MULAKKUZHA,മുളക്കുഴ,3,Village Panchayat,6264
681,221380,1,MULAKULAM,മുളക്കുളം,3,Village Panchayat,6320
682,221891,1,MULAKUNNATHUKAVU,മുളകുന്നത്തുകാവ്,3,Village Panchayat,6399
683,221120,1,MULAVUKAD,മുളവുകാട്,3,Village Panchayat,6274
684,221274,1,MULIYAR,മുളിയാര്‍,3,Village Panchayat,6886
685,221931,1,MULLANKOLLY,മുള്ളന്‍കൊല്ലി,3,Village Panchayat,6882
686,221873,1,MULLASSERY,മുല്ലശ്ശേരി,3,Village Panchayat,6396
687,221906,4,MULLURKARA,മുള്ളൂര്‍ക്കര,3,Village Panchayat,6402
688,221075,1,MULUMTHURUTHY,മുളന്തുരുത്തി,3,Village Panchayat,6277
689,221388,2,MUNDAKAYAM,മുണ്ടക്കയം,3,Village Panchayat,6321
690,221182,2,MUNDERI,മുണ്ടേരി,3,Village Panchayat,6294
691,221319,2,MUNDROTHURUTHU,മണ്‍റോതുരുത്ത്,3,Village Panchayat,6310
692,221670,1,MUNDUR,മുണ്ടൂര്‍,3,Village Panchayat,6364
693,221140,4,MUNNAR,മൂന്നാര്‍,3,Village Panchayat,6288
694,221915,5,MUPPAINADU,മൂപ്പൈനാട്,3,Village Panchayat,6403
695,221851,2,MURIYAD,,3,Village Panchayat,6392
696,221626,1,MUTHALAMADA,മുതലമട,3,Village Panchayat,6358
697,221395,1,MUTHOLY,മുത്തോലി,3,Village Panchayat,6322
698,221020,1,MUTHUKULAM,മുതുകുളം,3,Village Panchayat,6268
699,221675,1,MUTHUTHALA,മുതുതല,3,Village Panchayat,6365
700,221036,4,MUTTAR,മുട്ടാര്‍,3,Village Panchayat,6271
701,221916,1,MUTTIL,മുട്ടില്‍,3,Village Panchayat,6403
702,221174,1,MUTTOM,മുട്ടം,3,Village Panchayat,6293
703,221233,2,MUZHAKKUNNU,മുഴക്കുന്ന്,3,Village Panchayat,6300
704,221183,2,MUZHAPPILANGAD,മുഴപ്പിലങ്ങാട്,3,Village Panchayat,6302
705,221359,2,MYLAM,മൈലം,3,Village Panchayat,6317
706,221713,2,MYLAPRA,മൈലപ്രാ,3,Village Panchayat,6370
707,221329,1,MYNAGAPPALLY,മൈനാഗപ്പള്ളി,3,Village Panchayat,6316
708,221476,1,NADAPURAM,നാദാപുരം,3,Village Panchayat,6339
709,221878,4,NADATHARA,നടത്തറ,3,Village Panchayat,6397
710,221439,1,NADUVANNUR,നടുവണ്ണൂര്‍,3,Village Panchayat,6329
711,221242,2,NADUVIL,"നടുവില്&zwj,",3,Village Panchayat,6301
712,221693,1,NAGALASSERY,നാഗലശ്ശേരി,3,Village Panchayat,6367
713,221770,1,NAGAROOR,നഗരൂര്‍,3,Village Panchayat,6379
714,221620,1,NALLEPPILLY,നല്ലേപ്പിള്ളി,3,Village Panchayat,6357
715,221446,1,NANMANDA,നന്മണ്ട,3,Village Panchayat,6330
716,221584,1,NANNAMBRA,നന്നമ്പ്ര,3,Village Panchayat,6352
717,221563,1,NANNAMUKKU,നന്നമുക്ക്,3,Village Panchayat,6348
718,221803,1,NANNIYODE,നന്ദിയോട്,3,Village Panchayat,6384
719,221743,2,NARANAMOOZHY,നാറാണംമൂഴി,3,Village Panchayat,6375
720,221702,1,NARANGANAM,നാരങ്ങാനം,3,Village Panchayat,6368
721,221243,2,NARATH,നാറാത്ത്,3,Village Panchayat,6884
722,221447,1,NARIKUNNI,നരിക്കുനി,3,Village Panchayat,6330
723,221477,1,NARIPETTA,നരിപ്പറ്റ,3,Village Panchayat,6334
724,221894,1,NATTIKA,നാട്ടിക,3,Village Panchayat,6400
725,221771,2,NAVAIKULAM,നാവായിക്കുളം,3,Village Panchayat,6379
726,221121,1,NAYARAMBALAM,നായരമ്പലം,3,Village Panchayat,6285
727,221097,2,NEDUMBASSERY,നെടുമ്പാശ്ശേരി,3,Village Panchayat,6281
728,221164,6,NEDUMKANDAM,നെടുങ്കണ്ടം,3,Village Panchayat,6292
729,221432,4,NEDUMKUNNAM,നെടുംകുന്നം,3,Village Panchayat,6328
730,221326,1,NEDUMPANA,നെടുമ്പന,3,Village Panchayat,6313
731,221739,1,NEDUMPURAM,നെടുമ്പ്രം,3,Village Panchayat,6374
732,220985,3,NEDUMUDI,നെടുമുടി,3,Village Panchayat,6263
733,221334,5,NEDUVATHUR,നെടുവത്തൂര്‍,3,Village Panchayat,6312
734,221037,4,NEELAMPEROOR,നീലംപേരൂര്‍,3,Village Panchayat,6271
735,221313,1,NEENDAKARA,നീണ്ടകര,3,Village Panchayat,6309
736,221376,2,NEENDOOR,നീണ്ടൂര്‍,3,Village Panchayat,6319
737,221804,1,NELLANAD,നെല്ലനാട്,3,Village Panchayat,6384
738,221676,1,NELLAYA,നെല്ലായ,3,Village Panchayat,6363
739,221657,1,NELLIAMPATHY,നെല്ലിയാമ്പതി,3,Village Panchayat,6362
740,221066,1,NELLIKKUZHI,നെല്ലിക്കുഴി,3,Village Panchayat,6276
741,221658,1,NEMMARA,നെമ്മാറ,3,Village Panchayat,6362
742,221932,1,NENMENI,നെന്മേനി,3,Village Panchayat,6405
743,221856,3,NENMENIKKARA,നെന്‍മണിക്കര,3,Village Panchayat,6393
744,221254,4,NEW MAHI,ന്യൂ മാഹി,3,Village Panchayat,6302
745,221310,1,NILAMEL,നിലമേല്‍,3,Village Panchayat,6308
746,221571,1,NIRAMARUTHOOR,നിറമരുതൂര്‍,3,Village Panchayat,6350
747,221740,1,NIRANAM,നിരണം,3,Village Panchayat,6374
748,221122,1,NJARAKKAL,ഞാറക്കല്‍,3,Village Panchayat,6285
749,221381,1,NJEEZHOOR,ഞീഴൂര്‍,3,Village Panchayat,6320
750,221493,1,NOCHAD,നൊച്ചാട്,3,Village Panchayat,6337
751,221933,1,NOOLPUZHA,നൂല്‍പ്പുഴ,3,Village Panchayat,6405
752,220979,1,NOORANAD,നൂറനാട്,3,Village Panchayat,6262
753,221343,1,OACHIRA,ഓച്ചിറ,3,Village Panchayat,6314
754,221059,2,OKKAL,ഒക്കല്‍,3,Village Panchayat,6275
755,221459,1,OLAVANNA,ഒളവണ്ണ,3,Village Panchayat,6332
756,221703,1,OMALLUR,ഓമല്ലൂര്‍,3,Village Panchayat,6368
757,221453,2,OMASSERY,ഓമശ്ശേരി,3,Village Panchayat,6331
758,221508,1,ONCHIYAM,ഒഞ്ചിയം,3,Village Panchayat,6340
759,221677,1,ONGALLUR,ഓങ്ങല്ലൂര്‍,3,Village Panchayat,6365
760,221835,5,ORUMANAYUR,ഒരുമനയൂര്‍,3,Village Panchayat,6389
761,221593,2,OTHUKKUNGAL,ഒതുക്കുങ്ങല്‍,3,Village Panchayat,6344
762,221798,2,OTTASEKHARAMANGALAM,ഒറ്റശേഖരമംഗലം,3,Village Panchayat,6383
763,221814,1,OTTOOR,ഒറ്റൂര്‍,3,Village Panchayat,6385
764,221572,1,OZHUR,ഒഴൂര്‍,3,Village Panchayat,6350
765,221917,1,PADINHARETHARA,പടിഞ്ഞാറത്തറ,3,Village Panchayat,6403
766,221191,2,PADIYUR,"പടിയൂര്&zwj,",3,Village Panchayat,6295
767,221898,4,PADIYUR,പടിയൂര്‍,3,Village Panchayat,6401
768,221290,2,PADNE,പടന്ന,3,Village Panchayat,6306
769,221067,1,PAINGOTTUR,പൈങ്ങോട്ടൂര്‍,3,Village Panchayat,6276
770,221399,1,PAIPPAD,പായിപ്പാട്,3,Village Panchayat,6323
771,221083,1,PAIPRA,പായിപ്ര,3,Village Panchayat,6278
772,221283,2,PAIVALIKE,പൈവളികെ,3,Village Panchayat,6305
773,221090,1,PALAKUZHA,പാലക്കുഴ,3,Village Panchayat,6280
774,220980,1,PALAMEL,പാലമേല്‍,3,Village Panchayat,6262
775,221068,3,PALLARIMANGALAM,പല്ലാരിമംഗലം,3,Village Panchayat,6276
776,221659,1,PALLASSANA,പല്ലശ്ശന,3,Village Panchayat,6362
777,221784,2,PALLICHAL,"പള്ളിച്ചല്&zwj,",3,Village Panchayat,6381
778,221736,1,PALLICKAL,പള്ളിയ്ക്കല്‍,3,Village Panchayat,6373
779,221772,2,PALLICKAL,"പള്ളിക്കല്&zwj,",3,Village Panchayat,6379
780,221520,1,PALLIKKAL,പള്ളിക്കല്‍,3,Village Panchayat,6342
781,221262,1,PALLIKKARA,പള്ളിക്കര,3,Village Panchayat,6303
782,221414,2,PALLIKKATHODE,പള്ളിക്കത്തോട്,3,Village Panchayat,6325
783,221003,1,PALLIPPAD,പള്ളിപ്പാട്,3,Village Panchayat,6265
784,221123,1,PALLIPPURAM,പള്ളിപ്പുറം,3,Village Panchayat,6285
785,221128,1,PALLIVASAL,പള്ളിവാസല്‍,3,Village Panchayat,6286
786,221165,1,PAMPADUMPARA,പാമ്പാടുംപാറ,3,Village Panchayat,6292
787,221415,4,PAMPADY,പാമ്പാടി,3,Village Panchayat,6325
788,221091,2,PAMPAKUDA,പാമ്പാക്കുട,3,Village Panchayat,6280
789,221406,2,PANACHIKKAD,പനച്ചിക്കാട്,3,Village Panchayat,6324
790,221924,2,PANAMARAM,പനമരം,3,Village Panchayat,6882
791,221879,1,PANANCHERY,പാണഞ്ചേരി,3,Village Panchayat,6397
792,221440,3,PANANGAD,പനങ്ങാട്,3,Village Panchayat,6329
793,221263,4,PANATHADY,പനത്തടി,3,Village Panchayat,6885
794,221032,1,PANAVALLY,പാണാവള്ളി,3,Village Panchayat,6270
795,221778,1,PANAVOOR,പനവൂര്‍,3,Village Panchayat,6380
796,221320,3,PANAYAM,പനയം,3,Village Panchayat,6310
797,221728,1,PANDALAM THEKKEKARA,പന്തളം തെക്കേക്കര,3,Village Panchayat,6372
798,220993,2,PANDANAD,പാണ്ടനാട്,3,Village Panchayat,6264
799,221600,1,PANDIKKAD,പാണ്ടിക്കാട്,3,Village Panchayat,6354
800,221805,1,PANGODE,പാങ്ങോട്,3,Village Panchayat,6384
801,221883,3,PANJAL,പാഞ്ഞാള്‍,3,Village Panchayat,6398
802,221314,1,PANMANA,പന്‍മന,3,Village Panchayat,6309
803,221211,2,PANNIYANNUR,"പന്നിയന്നൂര്&zwj,",3,Village Panchayat,6883
804,221244,2,PAPPINISSERI,പാപ്പിനിശ്ശേരി,3,Village Panchayat,6297
805,221098,1,PARAKKADAVU,പാറക്കടവ്,3,Village Panchayat,6281
806,221841,2,PARALAM,പാറളം,3,Village Panchayat,6390
807,221852,1,PARAPPUKKARA,,3,Village Panchayat,6392
808,221594,3,PARAPPUR,പറപ്പൂര്‍,3,Village Panchayat,6353
809,221790,1,PARASSALA,പാറശ്ശാല,3,Village Panchayat,6382
810,221389,1,PARATHODE,പാറത്തോട്,3,Village Panchayat,6321
811,221245,1,PARIYARAM,പരിയാരം,3,Village Panchayat,6301
812,221833,2,PARIYARAM,പരിയാരം,3,Village Panchayat,6388
813,221671,1,PARLI,പറളി,3,Village Panchayat,6364
814,221678,1,PARUDUR,പരുതൂര്‍,3,Village Panchayat,6365
815,221345,1,PATHANAPURAM,പത്തനാപുരം,3,Village Panchayat,6315
816,221021,1,PATHIYOOR,പത്തിയൂര്‍,3,Village Panchayat,6268
817,221027,4,PATTANAKKAD,പട്ടണക്കാട്,3,Village Panchayat,6269
818,221346,1,PATTAZHI,പട്ടാഴി,3,Village Panchayat,6315
819,221347,1,PATTAZHI VADAKKEKARA,പട്ടാഴി വടക്കേക്കര,3,Village Panchayat,6315
820,221621,1,PATTENCHERRY,പട്ടഞ്ചേരി,3,Village Panchayat,6358
821,221213,2,PATTIAM,പാട്യം,3,Village Panchayat,6298
822,221694,1,PATTITHARA,പട്ടാമ്പി,3,Village Panchayat,6367
823,221246,1,PATTUVAM,പട്ടുവം,3,Village Panchayat,6301
824,221874,2,PAVARATTY,പാവറട്ടി,3,Village Panchayat,6396
825,221360,2,PAVITHRESWARAM,പവിത്രേശ്വരം,3,Village Panchayat,6317
826,221200,2,PAYAM,പായം,3,Village Panchayat,6296
827,221192,1,PAYYAVOOR,പയ്യാവൂര്‍,3,Village Panchayat,6295
828,221773,1,PAZHAYAKUNNUMMEL,പഴയകുന്നുമ്മേല്‍,3,Village Panchayat,6379
829,221884,3,PAZHAYANNUR,പഴയന്നൂര്‍,3,Village Panchayat,6398
830,221133,3,PEERUMEDU,പീരുമേട്,3,Village Panchayat,6287
831,221184,2,PERALASSERI,പെരളശ്ശേരി,3,Village Panchayat,6294
832,221494,1,PERAMBRA,പേരാമ്പ്ര,3,Village Panchayat,6337
833,221234,2,PERAVOOR,"പേരാവൂര്&zwj,",3,Village Panchayat,6300
834,221321,1,PERAYAM,പേരയം,3,Village Panchayat,6310
835,221322,3,PERINAD,പെരിനാട്,3,Village Panchayat,6310
836,221806,3,PERINGAMALA,പെരിങ്ങമ്മല,3,Village Panchayat,6384
837,221741,1,PERINGARA,പെരിങ്ങര,3,Village Panchayat,6374
838,221226,2,PERINGOME -VAYAKKARA,പെരിങ്ങോം വയക്കര,3,Village Panchayat,6299
839,221634,1,PERINGOTTUKURISSI,പെരിങ്ങോട്ടുകുറിശ്ശി,3,Village Panchayat,6359
840,221870,1,PERINJANAM,പെരിഞ്ഞനം,3,Village Panchayat,6395
841,221469,1,PERUMANNA,പെരുമണ്ണ,3,Village Panchayat,6333
842,239031,1,PERUMANNAKLARI,പെരുമണ്ണ ക്ലാരി,3,Village Panchayat,6350
843,221622,1,PERUMATTY,പെരുമാട്ടി,3,Village Panchayat,6357
844,221033,1,PERUMBALAM,പെരുമ്പളം,3,Village Panchayat,6270
845,221799,3,PERUMKADAVILA,പെരുങ്കടവിള,3,Village Panchayat,6383
846,221564,1,PERUMPADAPPA,പെരുമ്പടപ്പ,3,Village Panchayat,6348
847,221586,1,PERUVALLUR,പെരുവള്ളൂര്‍,3,Village Panchayat,6352
848,221134,2,PERUVANTHANAM,പെരുവന്താനം,3,Village Panchayat,6287
849,221470,1,PERUVAYAL,പെരുവയല്‍,3,Village Panchayat,6333
850,221640,1,PERUVEMBA,പെരുവെമ്പ,3,Village Panchayat,6358
851,221291,1,PILICODE,പിലിക്കോട്,3,Village Panchayat,6306
852,221256,2,PINARAYI,പിണറായി,3,Village Panchayat,6302
853,221069,2,PINDIMANA,പിണ്ടിമന,3,Village Panchayat,6276
854,221348,1,PIRAVANTHUR,പിറവന്തൂര്‍,3,Village Panchayat,6315
855,221672,1,PIRAYARI,പിരായിരി,3,Village Panchayat,6364
856,221641,1,POLPULLY,പൊല്‍പ്പുള്ളി,3,Village Panchayat,6357
857,221532,2,PONMALA,പൊന്‍മള,3,Village Panchayat,6344
858,221573,1,PONMUNDAM,പൊന്മുണ്ടം,3,Village Panchayat,6350
859,221686,2,POOKKOTTUKAVU,പൂക്കോട്ടുകാവ്,3,Village Panchayat,6366
860,221533,2,POOKKOTTUR,പൂക്കോട്ടൂര്‍,3,Village Panchayat,6344
861,221899,3,POOMANGALAM,പൂമംഗലം,3,Village Panchayat,6401
862,221366,2,POONJAR,പൂഞ്ഞാര്‍,3,Village Panchayat,6318
863,221367,1,POONJAR THEKKEKARA,പൂഞ്ഞാര്‍ തെക്കേക്കര,3,Village Panchayat,6318
864,221934,3,POOTHADI,പൂതാടി,3,Village Panchayat,6882
865,221327,3,POOTHAKKULAM,പൂതക്കുളം,3,Village Panchayat,6311
866,221108,1,POOTHRIKKA,പൂത്തൃക്ക,3,Village Panchayat,6283
867,221819,4,POOVACHAL,"പൂവച്ചല്&zwj,",3,Village Panchayat,6386
868,221791,3,POOVAR,"പൂവ്വാര്&zwj,",3,Village Panchayat,6382
869,221335,1,POOYAPPALLY,പൂയപ്പള്ളി,3,Village Panchayat,6312
870,221848,3,PORKULAM,"പോര്&zwj,ക്കുളം",3,Village Panchayat,6391
871,221601,1,PORUR,പോരൂര്‍,3,Village Panchayat,6354
872,221352,1,PORUVAZHY,പോരുവഴി,3,Village Panchayat,6316
873,221070,2,POTHANIKKAD,പോത്താനിക്കാട്,3,Village Panchayat,6276
874,221766,3,POTHENCODE,പോത്തന്‍കോട്,3,Village Panchayat,6378
875,221552,2,POTHUKKAL,പോത്തുകല്ല്,3,Village Panchayat,6346
876,221866,1,POYYA,പൊയ്യ,3,Village Panchayat,6394
877,221918,1,POZHUTHANA,പൊഴുതന,3,Village Panchayat,6403
878,221714,2,PRAMADOM,പ്രമാടം,3,Village Panchayat,6370
879,221611,1,PUDUCODE,പുതുക്കോട്,3,Village Panchayat,6355
880,221857,7,PUDUKKAD,പുതുക്കാട്,3,Village Panchayat,6393
881,221642,1,PUDUPPARIYARAM,പുതുപ്പരിയാരം,3,Village Panchayat,6360
882,221616,2,PUDUR,പുതൂര്‍,3,Village Panchayat,6356
883,221643,1,PUDUSSERI,പുതുശ്ശേരി,3,Village Panchayat,6360
884,221542,2,PULAMANTHOLE,പുലാമന്തോള്‍,3,Village Panchayat,6347
885,221521,1,PULIKKAL,പുളിക്കല്‍,3,Village Panchayat,6342
886,221774,1,PULIMATH,പുളിമാത്ത്,3,Village Panchayat,6379
887,221038,4,PULINKUNNU,പുളിങ്കുന്ന്,3,Village Panchayat,6271
888,220994,1,PULIYOOR,പുലിയൂര്‍,3,Village Panchayat,6264
889,221807,1,PULLAMPARA,പുല്ലമ്പാറ,3,Village Panchayat,6384
890,221264,1,PULLURPERIYA,പുല്ലൂര്‍ പെരിയ,3,Village Panchayat,6303
891,221935,2,PULPALLI,പുല്‍പ്പള്ളി,3,Village Panchayat,6882
892,221514,1,PULPATTA,പുല്‍പ്പറ്റ,3,Village Panchayat,6341
893,220970,9,PUNNAPRA (NORTH),പുന്നപ്ര വടക്ക്,3,Village Panchayat,6260
894,220971,1,PUNNAPRA(SOUTH),പുന്നപ്ര തെക്ക്,3,Village Panchayat,6260
895,221836,1,PUNNAYUR,പുന്നയൂര്‍,3,Village Panchayat,6389
896,221837,1,PUNNYURKULUM,പുന്നയൂര്‍ക്കുളം,3,Village Panchayat,6389
897,220972,1,PURAKKAD,പുറക്കാട്,3,Village Panchayat,6260
898,221708,1,PURAMATTOM,പുറമറ്റം,3,Village Panchayat,6369
899,221501,1,PURAMERI,പുറമേരി,3,Village Panchayat,6339
900,221175,1,PURAPUZHA,പുറപ്പുഴ,3,Village Panchayat,6293
901,221578,2,PURATHUR,പുറത്തൂര്‍,3,Village Panchayat,6351
902,221900,1,PUTHENCHIRA,പുത്തന്‍ചിറ,3,Village Panchayat,6401
903,221099,2,PUTHENVELIKKARA,പുത്തന്‍വേലിക്കര,3,Village Panchayat,6281
904,221284,2,PUTHIGE,പുത്തിഗെ,3,Village Panchayat,6305
905,221627,2,PUTHUNAGARAM,പുതുനഗരം,3,Village Panchayat,6358
906,221454,1,PUTHUPPADY,പുതുപ്പാടി,3,Village Panchayat,6331
907,221407,1,PUTHUPPALLY,പുതുപ്പള്ളി,3,Village Panchayat,6324
908,221880,2,PUTHUR,പുത്തൂര്‍,3,Village Panchayat,6397
909,221543,1,PUZHAKKATTIRI,പുഴക്കാട്ടിരി,3,Village Panchayat,6345
910,221166,5,RAJAKKAD,രാജക്കാട്,3,Village Panchayat,6292
911,221167,2,RAJAKUMARI,രാജകുമാരി,3,Village Panchayat,6292
912,221093,1,RAMAMANGALAM,രാമമംഗലം,3,Village Panchayat,6280
913,221039,4,RAMANKARI,രാമങ്കരി,3,Village Panchayat,6271
914,221227,2,RAMANTHALI,രാമന്തളി,3,Village Panchayat,6299
915,221421,6,RAMAPURAM,രാമപുരം,3,Village Panchayat,6326
916,221744,1,RANNI,റാന്നി,3,Village Panchayat,6375
917,221745,1,RANNI ANGADI,റാന്നി അങ്ങാടി,3,Village Panchayat,6375
918,221746,1,RANNI PAZHAVANGADI,റാന്നി പഴവങ്ങാടി,3,Village Panchayat,6375
919,221747,1,RANNI PERUNAD,റാന്നി പെരുനാട്,3,Village Panchayat,6375
920,221060,2,RAYAMANGALAM,രായമംഗലം,3,Village Panchayat,6275
921,221141,7,SANTHANPARA,ശാന്തന്‍പാറ,3,Village Panchayat,6288
922,221353,1,SASTHANCOTTA,ശാസ്താംകോട്ട,3,Village Panchayat,6316
923,221748,2,SEETHATHODU,സീതത്തോട്,3,Village Panchayat,6375
924,221168,3,SENAPATHY,സേനാപതി,3,Village Panchayat,6292
925,221617,1,SHOLAYAR,ഷോളയൂര്‍,3,Village Panchayat,6356
926,221354,1,SOORANAD NORTH,ശൂരനാട് നോര്‍ത്ത്,3,Village Panchayat,6316
927,221355,1,SOORANAD SOUTH,ശൂരനാട് സൗത്ത്,3,Village Panchayat,6316
928,221687,1,SREEKRISHNAPURAM,ശ്രീകൃഷ്ണപുരം,3,Village Panchayat,6366
929,221052,1,SREEMOOLANAGARAM,ശ്രീമൂലനഗരം,3,Village Panchayat,6281
930,221871,1,SREE NARAYANAPURAM,ശ്രീനാരായണപുരം,3,Village Panchayat,6395
931,221651,4,TACHAMPARA,തച്ചമ്പാറ,3,Village Panchayat,6361
932,221574,1,TANALUR,താനാളൂര്‍,3,Village Panchayat,6350
933,221612,1,TARUR,തരൂര്‍,3,Village Panchayat,6355
934,221567,1,TAVANUR,തവനൂര്‍,3,Village Panchayat,6349
935,221368,1,TEEKOY,തീക്കോയി,3,Village Panchayat,6318
936,221652,1,THACHANATTUKARA,തച്ചനാട്ടുകര,3,Village Panchayat,6361
937,221034,1,THAICATTUSSERY,തൈക്കാട്ടുശ്ശേരി,3,Village Panchayat,6270
938,220986,9,THAKAZHI,തകഴി,3,Village Panchayat,6263
939,221579,1,THALAKKAD,തലക്കാട്,3,Village Panchayat,6351
940,221448,1,THALAKULATHUR,തലക്കുളത്തൂര്‍,3,Village Panchayat,6330
941,221369,1,THALANAD,തലനാട്,3,Village Panchayat,6318
942,221370,1,THALAPPALAM,തലപ്പലം,3,Village Panchayat,6318
943,220987,3,THALAVADI,തലവടി,3,Village Panchayat,6263
944,221349,1,THALAVOOR,തലവൂര്‍,3,Village Panchayat,6315
945,221426,1,THALAYAZHAM,തലയാഴം,3,Village Panchayat,6327
946,221382,1,THALAYOLAPARAMBU,തലയോലപ്പറമ്പ്,3,Village Panchayat,6320
947,221895,1,THALIKULAM,തളിക്കുളം,3,Village Panchayat,6400
948,221455,2,THAMARASSERI,താമരശ്ശേരി,3,Village Panchayat,6331
949,221010,6,THANNEERMUKKAM,തണ്ണീര്‍മുക്കം,3,Village Panchayat,6266
950,221715,2,THANNITHODU,തണ്ണിത്തോട്,3,Village Panchayat,6370
951,221827,1,THANNIYAM,താന്ന്യം,3,Village Panchayat,6387
952,221919,1,THARIYODE,തരിയോട്,3,Village Panchayat,6403
953,221925,1,THAVINHAL,തവിഞ്ഞാല്‍,3,Village Panchayat,6404
954,221014,1,THAZHAKKARA,തഴക്കര,3,Village Panchayat,6267
955,221344,1,THAZHAVA,തഴവ,3,Village Panchayat,6314
956,221559,1,THAZHEKODE,താഴേക്കോട്,3,Village Panchayat,6347
957,221315,1,THEKKUMBHAGAM,തെക്കുംഭാഗം,3,Village Panchayat,6309
958,221908,6,THEKKUMKARA,തെക്കുംകര,3,Village Panchayat,6402
959,221587,1,THENHIPPALAM,തേഞ്ഞിപ്പലം,3,Village Panchayat,6352
960,221653,2,THENKARA,തെങ്കര,3,Village Panchayat,6361
961,221635,1,THENKURISSI,തേന്‍കുറിശ്ശി,3,Village Panchayat,6359
962,221302,1,THENMALA,തെന്മല,3,Village Panchayat,6307
963,221595,1,THENNALA,തെന്നല,3,Village Panchayat,6353
964,221316,1,THEVALAKKARA,തേവലക്കര,3,Village Panchayat,6309
965,221371,3,THIDANAD,തിടനാട്,3,Village Panchayat,6318
966,221482,1,THIKKODI,തിക്കൊടി,3,Village Panchayat,6335
967,221201,2,THILLANKERI,തില്ലങ്കരി,3,Village Panchayat,6296
968,221094,1,THIRUMARADY,തിരുമാറാടി,3,Village Panchayat,6280
969,221695,1,THIRUMITTACODE,തിരുമിറ്റക്കോട്,3,Village Panchayat,6367
970,221580,1,THIRUNAVAYA,തിരുനാവായ,3,Village Panchayat,6351
971,221926,1,THIRUNELLY,തിരുനെല്ലി,3,Village Panchayat,6404
972,221792,2,THIRUPURAM,തിരുപുറം,3,Village Panchayat,6382
973,221602,1,THIRUVALI,തിരുവാലി,3,Village Panchayat,6354
974,221497,1,THIRUVALLUR,തിരുവള്ളൂര്‍,3,Village Panchayat,6338
975,221456,1,THIRUVAMBADI,തിരുവമ്പാടി,3,Village Panchayat,6331
976,221109,2,THIRUVANIYOOR,തിരുവാണിയൂര്‍,3,Village Panchayat,6283
977,220995,2,THIRUVANVANDUR,തിരുവന്‍വണ്ട‍ൂര്‍,3,Village Panchayat,6264
978,221408,1,THIRUVARPU,തിരുവാര്‍പ്പ്,3,Village Panchayat,6319
979,221680,1,THIRUVEGAPURAM,തിരുവേഗപ്പുറ,3,Village Panchayat,6365
980,221885,2,THIRUVILWAMALA,തിരുവില്വാമല,3,Village Panchayat,6398
981,221330,1,THODIYOOR,തൊടിയൂര്‍,3,Village Panchayat,6314
982,221820,1,THOLICODE,തൊളിക്കോട്,3,Village Panchayat,6386
983,221892,3,THOLUR,തോളൂര്‍,3,Village Panchayat,6399
984,221927,1,THONDERNAD,തൊണ്ടര്‍നാട്,3,Village Panchayat,6404
985,221709,1,THOTTAPUZHASSERY,തോട്ടപ്പുഴശ്ശേരി,3,Village Panchayat,6369
986,221688,1,THRIKKADEERI,തൃക്കടീരി,3,Village Panchayat,6363
987,221292,2,THRIKKARIPUR,തൃക്കരിപ്പൂര്‍,3,Village Panchayat,6306
988,221304,1,THRIKKARUVA,തൃക്കരുവ,3,Village Panchayat,6310
989,221400,1,THRIKKODITHANAM,തൃക്കൊടിത്താനം,3,Village Panchayat,6323
990,221340,4,THRIKKOVILVATTOM,തൃക്കോവില്‍വട്ടം,3,Village Panchayat,6313
991,221004,1,THRIKKUNNAPUZHA,തൃക്കുന്നപ്പുഴ,3,Village Panchayat,6265
992,221696,3,THRITHALA,തൃത്താല,3,Village Panchayat,6367
993,221729,2,THUMPAMON,തുമ്പമണ്‍,3,Village Panchayat,6372
994,221502,1,THUNERI,തൂണേരി,3,Village Panchayat,6339
995,221028,3,THURAVOOR,തുറവൂര്‍,3,Village Panchayat,6269
996,221053,1,THURAVOOR,തുറവൂര്‍,3,Village Panchayat,6273
997,221483,1,THURAYUR,തുറയൂര്‍,3,Village Panchayat,6335
998,221603,1,THUVVUR,തുവ്വൂര്‍,3,Village Panchayat,6881
999,221604,1,TRIKKALANGODE,തൃക്കലങ്ങോട്,3,Village Panchayat,6354
1000,221858,3,TRIKKUR,തൃക്കൂര്‍,3,Village Panchayat,6393
1001,221214,1,TRIPPANGOTTUR,തൃപ്രങ്ങോട്ടൂര്‍,3,Village Panchayat,6298
1002,221581,1,TRIPRANGODE,തൃപ്പങ്ങോട്,3,Village Panchayat,6351
1003,221427,2,TV PURAM,ടി.വി.പുരം,3,Village Panchayat,6327
1004,221247,2,UDAYAGIRI,ഉദയഗിരി,3,Village Panchayat,6301
1005,221076,1,UDAYAMPERUR,ഉദയംപേരൂര്‍,3,Village Panchayat,6277
1006,221428,2,UDAYANAPURAM,ഉദയനാപുരം,3,Village Panchayat,6327
1007,221265,1,UDMA,ഉദുമ,3,Village Panchayat,6303
1008,221169,3,UDUMBANCHOLA,"ഉടുമ്പന്&zwj,ചോല",3,Village Panchayat,6292
1009,221147,1,UDUMBANOOR,ഉടുമ്പന്നൂര്‍,3,Village Panchayat,6289
1010,221194,2,ULIKKAL,"ഉളിക്കല്&zwj,",3,Village Panchayat,6295
1011,221441,1,ULIYERI,ഉളിയേരി,3,Village Panchayat,6329
1012,221361,1,UMMANNUR,ഉമ്മന്നൂര്‍,3,Village Panchayat,6317
1013,221442,1,UNNIKULUM,ഉണ്ണിക്കുളം,3,Village Panchayat,6329
1014,221161,2,UPPUTHARA,ഉപ്പുതറ,3,Village Panchayat,6291
1015,221534,1,URAKAM,ഊരകം,3,Village Panchayat,6353
1016,221515,1,URUNGATTIRI,ഉറങ്ങാട്ടിരി,3,Village Panchayat,6341
1017,221821,1,UZHAMALACKAL,ഉഴമലയ്ക്കല്‍,3,Village Panchayat,6386
1018,221422,1,UZHAVOOR,ഉഴവൂര്‍,3,Village Panchayat,6326
1019,221623,1,VADAKARAPATHY,വടകരപ്പതി,3,Village Panchayat,6357
1020,221613,1,VADAKKANCHERI,വടക്കഞ്ചേരി,3,Village Panchayat,6355
1021,221104,1,VADAKKEKARA,വടക്കേക്കര,3,Village Panchayat,6282
1022,221896,3,VADANAPPILLY,വാടാനപ്പള്ളി,3,Village Panchayat,6400
1023,221749,1,VADASSERIKKARA,വടശ്ശേരിക്കര,3,Village Panchayat,6375
1024,221628,1,VADAVANNUR,വടവന്നൂര്‍,3,Village Panchayat,6358
1025,221110,2,VADAVUCODE PUTHEN CRUZ,വടവുകോട് പുത്തന്‍കുരിശ്,3,Village Panchayat,6283
1026,221838,1,VADEKKEKAD,വടക്കേക്കാട്,3,Village Panchayat,6389
1027,221401,1,VAKATHANAM,വാകത്താനം,3,Village Panchayat,6323
1028,221762,3,VAKKOM,വക്കം,3,Village Panchayat,6377
1029,221084,1,VALAKOM,വാളകം,3,Village Panchayat,6278
1030,221206,2,VALAPATTANAM,വളപ്പട്ടണം,3,Village Panchayat,6297
1031,221897,1,VALAPPAD,വലപ്പാട്,3,Village Panchayat,6400
1032,221576,1,VALAVANNUR,വളവന്നൂര്‍,3,Village Panchayat,6350
1033,221503,3,VALAYAM,വളയം,3,Village Panchayat,6339
1034,221293,3,VALIYAPARAMBA,വലിയപറമ്പ,3,Village Panchayat,6306
1035,221842,5,VALLACHIRA,വല്ലച്ചിറ,3,Village Panchayat,6390
1036,221681,1,VALLAPUZHA,വല്ലപ്പുഴ,3,Village Panchayat,6363
1037,221886,4,VALLATHOL NAGAR,വള്ളത്തോള്‍ നഗര്‍,3,Village Panchayat,6398
1038,221716,2,VALLICODE,വള്ളിക്കോട്,3,Village Panchayat,6370
1039,221589,2,VALLIKKUNNU,വള്ളിക്കുന്ന്,3,Village Panchayat,6352
1040,220981,1,VALLIKUNNAM,വള്ളികുന്നം,3,Village Panchayat,6262
1041,221808,1,VAMANAPURAM,വാമനപുരം,3,Village Panchayat,6384
1042,221614,1,VANDAZHY,വണ്ടാഴി,3,Village Panchayat,6362
1043,221162,5,VANDENMEDU,വണ്ടന്‍മേട്,3,Village Panchayat,6291
1044,221135,3,VANDIPERIYAR,വണ്ടിപ്പെരിയാര്‍,3,Village Panchayat,6287
1045,221664,1,VANIAMKULAM,വാണിയംകുളം,3,Village Panchayat,6363
1046,221504,4,VANIMEL,വാണിമേല്‍,3,Village Panchayat,6339
1047,221148,1,VANNAPURAM,വണ്ണപുരം,3,Village Panchayat,6289
1048,221859,3,VARANDARAPPILLY,വരന്തരപ്പിള്ളി,3,Village Panchayat,6393
1049,221071,1,VARAPPETTY,വാരപ്പെട്ടി,3,Village Panchayat,6276
1050,221044,1,VARAPUZHA,വരാപ്പുഴ,3,Village Panchayat,6272
1051,221909,3,VARAVOOR,വരവൂര്‍,3,Village Panchayat,6402
1052,221154,1,VATHIKUDY,വാത്തിക്കുടി,3,Village Panchayat,6290
1053,221568,1,VATTAMKULAM,വട്ടംകുളം,3,Village Panchayat,6349
1054,221142,1,VATTAVADA,വട്ടവട,3,Village Panchayat,6288
1055,221029,1,VAYALAR,വയലാര്‍,3,Village Panchayat,6269
1056,221522,1,VAZHAKKAD,വാഴക്കാട്,3,Village Panchayat,6342
1057,221115,3,VAZHAKKULAM,വാഴക്കുളം,3,Village Panchayat,6284
1058,221402,1,VAZHAPPALLY,വാഴപ്പള്ളി,3,Village Panchayat,6323
1059,221155,2,VAZHATHOPE,വാഴത്തോപ്പ്,3,Village Panchayat,6290
1060,221523,3,VAZHAYUR,"വാഴയൂര്&zwj,",3,Village Panchayat,6342
1061,221553,1,VAZHIKKADAVU,വഴിക്കടവ്,3,Village Panchayat,6346
1062,221433,1,VAZHOOR,വാഴൂര്‍,3,Village Panchayat,6328
1063,221429,1,VECHOOR,വെച്ചൂര്‍,3,Village Panchayat,6327
1064,221750,1,VECHUCHIRA,വെച്ചൂച്ചിറ,3,Village Panchayat,6375
1065,221005,1,VEEYAPURAM,വീയപുരം,3,Village Panchayat,6265
1066,221311,1,VELINALLUR,വെളിനല്ലൂര്‍,3,Village Panchayat,6308
1067,221336,1,VELIYAM,വെളിയം,3,Village Panchayat,6312
1068,221040,1,VELIYANAD,വെളിയനാട്,3,Village Panchayat,6271
1069,221565,1,VELIYANCODE,വെളിയന്‍കോട്,3,Village Panchayat,6348
1070,221423,1,VELIYANNOOR,വെളിയന്നൂര്‍,3,Village Panchayat,6326
1071,221928,1,VELLAMUNDA,വെള്ളമുണ്ട,3,Village Panchayat,6404
1072,221822,2,VELLANAD,വെള്ളനാട്,3,Village Panchayat,6386
1073,221901,1,VELLANGALLUR,വെള്ളാങ്ങല്ലൂര്‍,3,Village Panchayat,6401
1074,221800,3,VELLARADA,വെള്ളറട,3,Village Panchayat,6383
1075,221129,1,VELLATHOOVAL,വെള്ളത്തൂവല്‍,3,Village Panchayat,6286
1076,221434,1,VELLAVOOR,വെള്ളാവൂര്‍,3,Village Panchayat,6328
1077,221689,1,VELLINEZHI,വെള്ളിനേഴി,3,Village Panchayat,6366
1078,221149,3,VELLIYAMATTOM,വെളിയാമറ്റം,3,Village Panchayat,6289
1079,221902,3,VELLOOKKARA,വേളൂക്കര,3,Village Panchayat,6401
1080,221383,3,VELLOOR,"വെള്ളൂര്&zwj,",3,Village Panchayat,6320
1081,221478,1,VELOM,വേളം,3,Village Panchayat,6334
1082,221910,3,VELUR,"വേലൂര്&zwj,",3,Village Panchayat,6391
1083,221779,1,VEMBAYAM,വെമ്പായം,3,Village Panchayat,6380
1084,221215,2,VENGAD,വേങ്ങാട്,3,Village Panchayat,6302
1085,221755,1,VENGANOOR,വെങ്ങാനൂര്‍,3,Village Panchayat,6376
1086,221920,1,VENGAPPALLY,വേങ്ങപ്പള്ളി,3,Village Panchayat,6403
1087,221596,1,VENGARA,വേങ്ങര,3,Village Panchayat,6353
1088,221116,1,VENGOLA,വെങ്ങോല,3,Village Panchayat,6284
1089,221061,1,VENGOOR,വേങ്ങൂര്‍,3,Village Panchayat,6275
1090,221875,1,VENKITANGU,വെങ്കിടങ്ങ്,3,Village Panchayat,6396
1091,220996,2,VENMONY,വെണ്മണി,3,Village Panchayat,6264
1092,221560,1,VETTATHUR,വെട്ടത്തൂര്‍,3,Village Panchayat,6347
1093,221362,1,VETTIKKAVALA,വെട്ടിക്കവല,3,Village Panchayat,6317
1094,221582,1,VETTOM,വെട്ടം,3,Village Panchayat,6351
1095,221815,2,VETTOOR,"വെട്ടൂര്&zwj,",3,Village Panchayat,6385
1096,221409,2,VIJAYAPURAM,വിജയപുരം,3,Village Panchayat,6324
1097,221350,1,VILAKUDY,വിളക്കുടി,3,Village Panchayat,6315
1098,221785,2,VILAPPIL,"വിളപ്പില്&zwj,",3,Village Panchayat,6381
1099,221786,2,VILAVOORKKAL,"വിളവൂര്&zwj,ക്കല്&zwj,",3,Village Panchayat,6381
1100,221682,1,VILAYUR,വിളയൂര്‍,3,Village Panchayat,6365
1101,221498,1,VILLIYAPPALLY,വില്യാപ്പള്ളി,3,Village Panchayat,6338
1102,221823,1,VITHURA,വിതുര,3,Village Panchayat,6386
1103,221285,2,VORKADY,"വോര്&zwj,ക്കാടി",3,Village Panchayat,6305
1104,221921,1,VYTHIRI,വൈത്തിരി,3,Village Panchayat,6403
1105,221605,3,WANDOOR,വണ്ടൂര്‍,3,Village Panchayat,6354
1106,221294,5,WEST ELERI,വെസ്റ്റ് എളേരി,3,Village Panchayat,6885
1107,221356,1,WEST KALLADA,വെസ്റ്റ് കല്ലട,3,Village Panchayat,6316